Term	Count	Frequency
1804-1877.	460	2.5
1818-1898.	353	1.9
1728-1801	232	1.3
1739-1804	213	1.2
1593-1657	206	1.1
1615-1690.	162	0.9
1608-1670	162	0.9
1861-1921.	159	0.9
1716-1779	154	0.8
1617-1688	153	0.8
1650-1718	152	0.8
1684-1771	136	0.7
1700-1776	132	0.7
1842-1936.	131	0.7
1878-1926.	124	0.7
1855-1922.	119	0.6
1706-1769.	113	0.6
1727-1797	105	0.6
1855-1924.	97	0.5
1715-1773	97	0.5
1835-1888.	94	0.5
1724-1804.	90	0.5
1850-1913.	85	0.5
1850-1907.	84	0.5
1864-1935.	83	0.5
1863-1917.	81	0.4
1850-1901.	80	0.4
1760-1852	80	0.4
1859-1931.	77	0.4
1651-1700	77	0.4
1624-1700.	76	0.4
1712-1786	75	0.4
1858-1923.	72	0.4
1860-1898.	70	0.4
1781-1855.	70	0.4
1644-1692	69	0.4
1861-1932.	67	0.4
1868-1918.	66	0.4
1811-1893.	66	0.4
1657-1729	66	0.4
1772-1847.	65	0.4
1866-1937.	62	0.3
1775-1844	62	0.3
1763-1831	62	0.3
1644-1692.	61	0.3
1628-1705	61	0.3
1652-1711	60	0.3
1845-1928	59	0.3
1617-1688.	58	0.3
1844-1897.	57	0.3
k. 1714	56	0.3
1647-1718.	56	0.3
1727-1797.	55	0.3
1847-1914.	54	0.3
1830-1903.	54	0.3
1706-1783	54	0.3
1707-1755	53	0.3
1661-1729	53	0.3
1633-1694	53	0.3
1826-1889.	52	0.3
1807-1881.	51	0.3
1867-1914.	50	0.3
1861-1939.	50	0.3
1765-1836	50	0.3
1722-1803	50	0.3
1660-1704	50	0.3
1834-1872.	49	0.3
1686-1740	48	0.3
1875-1934.	46	0.3
1880-1939.	45	0.2
1870-1920.	45	0.2
1863-1931.	45	0.2
1849-1923.	45	0.2
1806-1881.	44	0.2
1719-1802	44	0.2
1712-1765	44	0.2
1555-1621.	44	0.2
1869-1947.	43	0.2
1794-1846	43	0.2
1609-1664	43	0.2
1855-1921.	41	0.2
1824-1884.	41	0.2
1633-1696	41	0.2
n. 1690-1729.	40	0.2
k. 1664	40	0.2
1874-1959.	40	0.2
1802-1884.	40	0.2
1682-1737	40	0.2
1856-1928.	39	0.2
1608-1670.	39	0.2
1712-1786.	38	0.2
1873-1956.	37	0.2
1863-1934.	37	0.2
1858-1934.	37	0.2
1848-1915	37	0.2
1623-1682	37	0.2
1865-1928.	36	0.2
1802-1872.	36	0.2
1796-1875.	36	0.2
1772-1847	36	0.2
1622-1679	36	0.2
1867-1944.	35	0.2
1853-1946.	35	0.2
1845-1896.	35	0.2
1692-1753.	35	0.2
1633-1694.	35	0.2
1874-1938.	34	0.2
1862-1925.	34	0.2
1857-1913	34	0.2
1851-1932.	34	0.2
1819-1879.	34	0.2
1783-1868	34	0.2
1632-1665	34	0.2
n. 1560-1624.	33	0.2
1864-1925.	33	0.2
1862-1930.	33	0.2
1853-1924.	33	0.2
1838-1919.	33	0.2
1633-1696.	33	0.2
1602-1669	33	0.2
1863-1915.	32	0.2
1857-1899.	32	0.2
1855-1931.	32	0.2
1851-1924.	32	0.2
1878-1932.	31	0.2
1860-1924.	31	0.2
1779-1860	31	0.2
1745-1820	31	0.2
1875-1919.	30	0.2
1867-1948	30	0.2
1842-1927.	30	0.2
1836-1895.	30	0.2
1769-1843	30	0.2
1731-1773	30	0.2
k. 1691.	29	0.2
1724-1803	29	0.2
1650-1707	29	0.2
1874-1966.	28	0.2
1863-1933.	28	0.2
1813-1852.	28	0.2
1785-1848	28	0.2
1636-1708	28	0.2
1785-1848.	27	0.1
1669-1733	27	0.1
1646-1700.	27	0.1
1874-1970.	26	0.1
1868-1936.	26	0.1
1856-1926.	26	0.1
1852-1933.	26	0.1
1844-1930.	26	0.1
1743-1798	26	0.1
1631-1679.	26	0.1
1631-1679	26	0.1
1850-1916.	25	0.1
1847-1930.	25	0.1
1791-1858.	25	0.1
1772-1840	25	0.1
1769-1849	25	0.1
1871-1967	24	0.1
1869-1913.	24	0.1
1839-1899.	24	0.1
1800-1861.	24	0.1
1772-1831	24	0.1
1755-1832.	24	0.1
1661-1729.	24	0.1
1652-1691	24	0.1
1882-1941.	23	0.1
1874-1944	23	0.1
1869-1928.	23	0.1
1862-1938.	23	0.1
1856-1920.	23	0.1
1856-1905.	23	0.1
1806-1875.	23	0.1
1716-1779.	23	0.1
1690-1764	23	0.1
1623-1682.	23	0.1
1879-1946.	22	0.1
1876-1935.	22	0.1
1874-1957.	22	0.1
1870-1930.	22	0.1
1868-1939.	22	0.1
1867-1932.	22	0.1
1865-1930.	22	0.1
1857-1936	22	0.1
1857-1923.	22	0.1
1840-1898.	22	0.1
1834-1875.	22	0.1
1800-1867.	22	0.1
1779-1860.	22	0.1
1717-1774.	22	0.1
1669-1733.	22	0.1
1593-1657.	22	0.1
1885-1945	21	0.1
1868-1934.	21	0.1
1862-1920.	21	0.1
1837-1923.	21	0.1
1829-1903.	21	0.1
1741-1790.	21	0.1
1629-1701.	21	0.1
k. 1740.	20	0.1
1885-1933.	20	0.1
1872-1955.	20	0.1
1854-1942.	20	0.1
1850-1926.	20	0.1
1839-1913.	20	0.1
1837-1915.	20	0.1
1837-1896.	20	0.1
1836-1911.	20	0.1
1835-1909.	20	0.1
1832-1896.	20	0.1
1818-1872.	20	0.1
1776-1823	20	0.1
1655-1732.	20	0.1
1621-1679.	20	0.1
1572-1652.	20	0.1
k. 1679.	19	0.1
1844-1936.	19	0.1
1834-1910.	19	0.1
1823-1913.	19	0.1
1820-1881.	19	0.1
1818-1903	19	0.1
1729-1803.	19	0.1
1666-1724	19	0.1
1651-1700.	19	0.1
1605-1678.	19	0.1
1875-1924	18	0.1
1874-1939.	18	0.1
1869-1957.	18	0.1
1854-1936.	18	0.1
1853-1907.	18	0.1
1849-1937.	18	0.1
1838-1920.	18	0.1
1819-1890.	18	0.1
1791-1839	18	0.1
1737-1817	18	0.1
1874-1943.	17	0.1
1858-1896.	17	0.1
1855-1942.	17	0.1
1849-1914.	17	0.1
1838-1904.	17	0.1
1836-1890.	17	0.1
1831-1902.	17	0.1
1825-1892.	17	0.1
1817-1899.	17	0.1
1794-1860	17	0.1
1773-1832	17	0.1
1690-1764.	17	0.1
1640-1697	17	0.1
k. 1703.	16	0.1
1869-1931.	16	0.1
1862-1910.	16	0.1
1845-1919.	16	0.1
1787-1865.	16	0.1
1776-1821	16	0.1
1762-1831	16	0.1
1740-1789.	16	0.1
1725-1787	16	0.1
1633-1705.	16	0.1
1579-1636.	16	0.1
k. 1717.	15	0.1
1884-1960.	15	0.1
1879-1956.	15	0.1
1859-1931	15	0.1
1824-1895.	15	0.1
1820-1884.	15	0.1
1801-1852.	15	0.1
1790-1860.	15	0.1
1789-1866.	15	0.1
1789-1823	15	0.1
1787-1858	15	0.1
1755-1832	15	0.1
1720-1809.	15	0.1
1693-1750	15	0.1
1636-1708.	15	0.1
n. 1705-1744.	14	0.1
k. 1704.	14	0.1
1879-1941.	14	0.1
1877-1935.	14	0.1
1870-1953.	14	0.1
1864-1924.	14	0.1
1859-1927.	14	0.1
1855-1911.	14	0.1
1853-1923.	14	0.1
1851-1934.	14	0.1
1838-1912.	14	0.1
1817-1897.	14	0.1
1757-1815	14	0.1
1695-1777.	14	0.1
1677-1720.	14	0.1
1625-1679	14	0.1
n. 1687-1754.	13	0.1
n. 1545-1625.	13	0.1
k. 1755.	13	0.1
1884-1929.	13	0.1
1881-1948.	13	0.1
1879-1949.	13	0.1
1861-1938.	13	0.1
1858-1916.	13	0.1
1851-1907.	13	0.1
1848-1913.	13	0.1
1847-1902.	13	0.1
1846-1924.	13	0.1
1839-1894.	13	0.1
1704-1777.	13	0.1
1700-1757.	13	0.1
1693-1750.	13	0.1
1650-1721	13	0.1
1649-1692	13	0.1
1612-1691	13	0.1
1582-1637.	13	0.1
n. 1510-1557.	12	0.1
k. 1737.	12	0.1
k. 1708.	12	0.1
k. 1692.	12	0.1
k. 1675.	12	0.1
1885-1963.	12	0.1
1878-1948.	12	0.1
1873-1938.	12	0.1
1866-1952.	12	0.1
1865-1947.	12	0.1
1864-1945.	12	0.1
1858-1938.	12	0.1
1856-1939.	12	0.1
1855-1939.	12	0.1
1850-1919.	12	0.1
1846-1909.	12	0.1
1844-1895.	12	0.1
1827-1884.	12	0.1
1810-1883.	12	0.1
1800-1867	12	0.1
1794-1860.	12	0.1
1788-1862.	12	0.1
1787-1858.	12	0.1
1739-1804.	12	0.1
1710-1772.	12	0.1
1709-1788.	12	0.1
1707-1755.	12	0.1
1676-1752	12	0.1
1652-1711.	12	0.1
1632-1665.	12	0.1
1612-1683.	12	0.1
k. 1783.	11	0.1
k. 1707.	11	0.1
1886-1950.	11	0.1
1886-1946.	11	0.1
1884-1924.	11	0.1
1875-1947.	11	0.1
1874-1934.	11	0.1
1874-1923.	11	0.1
1872-1950.	11	0.1
1871-1912.	11	0.1
1867-1942.	11	0.1
1863-1937.	11	0.1
1849-1922.	11	0.1
1841-1924.	11	0.1
1831-1866.	11	0.1
1802-1871.	11	0.1
1794-1846.	11	0.1
1781-1841	11	0.1
1779-1850	11	0.1
1776-1809.	11	0.1
1772-1859	11	0.1
1698-1746	11	0.1
1648-1716.	11	0.1
1646-1700	11	0.1
1628-1705.	11	0.1
n. 1656-1690.	10	0.1
k. 1750.	10	0.1
k. 1741.	10	0.1
k. 1720	10	0.1
k. 1690.	10	0.1
1882-1928.	10	0.1
1881-1954.	10	0.1
1880-1937.	10	0.1
1878-1956.	10	0.1
1878-1946.	10	0.1
1878-1942.	10	0.1
1877-1961.	10	0.1
1877-1955	10	0.1
1871-1951.	10	0.1
1866-1933.	10	0.1
1863-1942.	10	0.1
1862-1943	10	0.1
1860-1935.	10	0.1
1857-1925.	10	0.1
1854-1918.	10	0.1
1854-1912.	10	0.1
1852-1946.	10	0.1
1839-1892.	10	0.1
1811-1870.	10	0.1
1807-1879.	10	0.1
1795-1875.	10	0.1
1793-1843.	10	0.1
1773-1837	10	0.1
1739-1771.	10	0.1
1722-1804.	10	0.1
1717-1768.	10	0.1
1713-1791.	10	0.1
1710-1759.	10	0.1
1707-1780	10	0.1
1700-1755.	10	0.1
1693-1764.	10	0.1
1686-1740.	10	0.1
1684-1754.	10	0.1
1676-1752.	10	0.1
1674-1758.	10	0.1
1669-1741.	10	0.1
1667-1739	10	0.1
1661-1704.	10	0.1
1648-1690.	10	0.1
1640-1690.	10	0.1
1611-1682.	10	0.1
1605-1678	10	0.1
k. 1730.	9	0
k. 1710.	9	0
k. 1693.	9	0
1888-1942.	9	0
1879-1950.	9	0
1878-1919.	9	0
1871-1946.	9	0
1869-1954.	9	0
1864-1927.	9	0
1862-1928.	9	0
1856-1929.	9	0
1851-1918.	9	0
1850-1922.	9	0
1848-1893.	9	0
1847-1939.	9	0
1847-1917.	9	0
1846-1902.	9	0
1843-1930.	9	0
1838-1891.	9	0
1831-1895.	9	0
1830-1893.	9	0
1804-1871	9	0
1785-1851	9	0
1755-1792	9	0
1750-1825.	9	0
1740-1819.	9	0
1714-1762.	9	0
1709-1753.	9	0
1671-1746	9	0
1659-1730.	9	0
1657-1725.	9	0
1629-1693.	9	0
n. 1678-1748.	8	0
k. 1742.	8	0
k. 1732.	8	0
k. 1719.	8	0
k. 1713.	8	0
k. 1695.	8	0
k. 1688.	8	0
k. 1670.	8	0
1888-1935.	8	0
1888-1918.	8	0
1886-1954.	8	0
1886-1953.	8	0
1882-1973.	8	0
1882-1942.	8	0
1880-1943.	8	0
1878-1960.	8	0
1878-1947.	8	0
1878-1940.	8	0
1865-1949.	8	0
1865-1938.	8	0
1862-1934.	8	0
1861-1915.	8	0
1857-1927.	8	0
1856-1914.	8	0
1853-1937.	8	0
1849-1900.	8	0
1845-1932.	8	0
1841-1928.	8	0
1799-1834.	8	0
1798-1857.	8	0
1790-1846.	8	0
1747-1816.	8	0
1746-1812	8	0
1745-1810.	8	0
1728-1801.	8	0
1725-1787.	8	0
1724-1803.	8	0
1717-1788.	8	0
1713-1745.	8	0
1710-1778.	8	0
1705-1772.	8	0
1698-1759.	8	0
1660-1705.	8	0
1657-1729.	8	0
1649-1726.	8	0
1648-1699.	8	0
1646-1710.	8	0
1622-1675.	8	0
1609-1664.	8	0
1596-1664.	8	0
k. 1728.	7	0
k. 1712.	7	0
k. 1676.	7	0
k. 1655.	7	0
k. 1647.	7	0
k. 1629.	7	0
1888-1963.	7	0
1884-1959.	7	0
1883-1964.	7	0
1876-1959.	7	0
1876-1953.	7	0
1873-1943.	7	0
1870-1937	7	0
1865-1941.	7	0
1854-1934.	7	0
1852-1915.	7	0
1851-1922.	7	0
1848-1939.	7	0
1844-1921.	7	0
1840-1896	7	0
1838-1881.	7	0
1834-1898.	7	0
1830-1901.	7	0
1830-1892.	7	0
1829-1898.	7	0
1815-1892.	7	0
1809-1891.	7	0
1791-1843	7	0
1790-1860	7	0
1783-1857	7	0
1782-1831	7	0
1774-1806.	7	0
1773-1846.	7	0
1766-1819	7	0
1763-1831.	7	0
1762-1831.	7	0
1761-1827.	7	0
1760-1815.	7	0
1754-1821.	7	0
1743-1788	7	0
1732-1763.	7	0
1731-1785.	7	0
1730-1812	7	0
1720-1795.	7	0
1720-1783	7	0
1700-1776.	7	0
1671-1746.	7	0
1665-1735.	7	0
1664-1730.	7	0
1663-1727.	7	0
1630-1694	7	0
1623-1678.	7	0
1622-1691	7	0
1592-1671.	7	0
1585-1670.	7	0
s. n. 1660, k. 1697	6	0
n. 1706-1760.	6	0
n. 1678-1716.	6	0
n. 1600-1653	6	0
n. 1540-1588.	6	0
k. 1715.	6	0
k. 1697.	6	0
k. 1694.	6	0
k. 1667.	6	0
k. 1611.	6	0
k. 1607.	6	0
1888-1967.	6	0
1887-1947.	6	0
1882-1954.	6	0
1878-1948	6	0
1878-1941.	6	0
1878-1936.	6	0
1877-1949.	6	0
1876-1938.	6	0
1872-1951.	6	0
1870-1944.	6	0
1867-1933.	6	0
1859-1941	6	0
1858-1943.	6	0
1852-1928.	6	0
1851-1919.	6	0
1846-1919.	6	0
1846-1913.	6	0
1841-1894.	6	0
1841-1876.	6	0
1838-1913.	6	0
1838-1905.	6	0
1833-1871.	6	0
1828-1871.	6	0
1826-1896.	6	0
1821-1895.	6	0
1820-1905.	6	0
1817-1898.	6	0
1815-1885.	6	0
1814-1894.	6	0
1810-1893.	6	0
1809-1856.	6	0
1801-1865.	6	0
1795-1866.	6	0
1791-1858	6	0
1788-1858	6	0
1785-1830	6	0
1783-1868.	6	0
1780-1847	6	0
1780-1835	6	0
1779-1820.	6	0
1776-1809	6	0
1754-1801.	6	0
1743-1818.	6	0
1741-1798	6	0
1730-1798.	6	0
1716-1790.	6	0
1713-1773.	6	0
1709-1759.	6	0
1677-1761.	6	0
1663-1739.	6	0
1652-1713.	6	0
1638-1705.	6	0
1626-1671.	6	0
1593-1654.	6	0
1581-1646.	6	0
s. n. 1660, k. 1708.	5	0
n. 1746-1819.	5	0
n. 1720-1787.	5	0
n. 1617-1681	5	0
k. 1809.	5	0
k. 1775.	5	0
k. 1763.	5	0
k. 1744.	5	0
k. 1717	5	0
k. 1701.	5	0
k. 1679	5	0
k. 1674.	5	0
1899-1952	5	0
1894-1935.	5	0
1890-1910.	5	0
1889-1958.	5	0
1887-1956.	5	0
1886-1938.	5	0
1885-1964	5	0
1885-1945.	5	0
1882-1969.	5	0
1882-1958.	5	0
1880-1950.	5	0
1879-1958.	5	0
1879-1944.	5	0
1875-1930.	5	0
1874-1935.	5	0
1872-1939.	5	0
1870-1927.	5	0
1869-1920.	5	0
1867-1927.	5	0
1866-1947	5	0
1864-1917.	5	0
1863-1936.	5	0
1862-1948.	5	0
1860-1931.	5	0
1858-1932.	5	0
1857-1918.	5	0
1855-1895.	5	0
1854-1888.	5	0
1852-1929.	5	0
1852-1917.	5	0
1849-1935	5	0
1848-1927.	5	0
1847-1880.	5	0
1842-1899.	5	0
1834-1888.	5	0
1833-1904.	5	0
1832-1904.	5	0
1830-1867.	5	0
1829-1895.	5	0
1829-1891.	5	0
1827-1906.	5	0
1827-1885.	5	0
1826-1894.	5	0
1822-1872.	5	0
1822-1868.	5	0
1821-1858.	5	0
1813-1899.	5	0
1811-1852.	5	0
1808-1873.	5	0
1805-1868.	5	0
1803-1873.	5	0
1800-1874	5	0
1794-1855.	5	0
1793-1822	5	0
1792-1877	5	0
1789-1867.	5	0
1786-1859	5	0
1776-1834	5	0
1771-1810	5	0
1764-1849.	5	0
1758-1795.	5	0
1757-1814.	5	0
1742-1799.	5	0
1740-1803.	5	0
1737-1820.	5	0
1735-1789.	5	0
1732-1793.	5	0
1725-1776.	5	0
1722-1770.	5	0
1720-1794.	5	0
1719-1802.	5	0
1719-1785.	5	0
1718-1791.	5	0
1717-1788	5	0
1716-1774.	5	0
1714-1784.	5	0
1713-1776.	5	0
1695-1765.	5	0
1686-1761.	5	0
1681-1708.	5	0
1680-1750	5	0
1678-1756.	5	0
1672-1743.	5	0
1671-1721.	5	0
1666-1712.	5	0
1655-1728.	5	0
1651-1722.	5	0
1647-1717.	5	0
1638-1715.	5	0
1607-1686.	5	0
1598-1677.	5	0
1592-1654.	5	0
1575-1627.	5	0
1571-1638.	5	0
s. n. 1570, k. 1614.	4	0
n. 1710-1772	4	0
n. 1678-1716	4	0
n. 1580-1613.	4	0
k. 1753.	4	0
k. 1731.	4	0
k. 1729.	4	0
k. 1722.	4	0
k. 1721.	4	0
k. 1719	4	0
k. 1714.	4	0
k. 1711.	4	0
k. 1709.	4	0
k. 1699.	4	0
k. 1696.	4	0
k. 1689.	4	0
k. 1684.	4	0
k. 1682.	4	0
k. 1669.	4	0
k. 1665.	4	0
k. 1664.	4	0
k. 1651	4	0
k. 1638.	4	0
k. 1616.	4	0
k. 1605.	4	0
k. 1598.	4	0
1891-1951.	4	0
1887-1953.	4	0
1886-1909.	4	0
1884-1962.	4	0
1884-1951.	4	0
1884-1948	4	0
1881-1968.	4	0
1881-1949.	4	0
1881-1919	4	0
1880-1945.	4	0
1879-1951.	4	0
1879-1942.	4	0
1879-1932.	4	0
1879-1920.	4	0
1878-1953.	4	0
1878-1938.	4	0
1876-1954.	4	0
1876-1945.	4	0
1875-1939.	4	0
1873-1904.	4	0
1871-1948.	4	0
1870-1928.	4	0
1869-1899.	4	0
1867-1918.	4	0
1866-1946.	4	0
1864-1942.	4	0
1862-1948	4	0
1861-1937.	4	0
1860-1942.	4	0
1860-1927.	4	0
1860-1909.	4	0
1860-1889.	4	0
1855-1914.	4	0
1854-1889.	4	0
1853-1909.	4	0
1850-1930.	4	0
1846-1921.	4	0
1845-1930.	4	0
1842-1886.	4	0
1841-1877.	4	0
1840-1907.	4	0
1840-1896.	4	0
1838-1915.	4	0
1838-1893.	4	0
1832-1881.	4	0
1830-1880.	4	0
1823-1896.	4	0
1823-1888.	4	0
1822-1883.	4	0
1821-1874.	4	0
1820-1912.	4	0
1819-1876.	4	0
1819-1874.	4	0
1817-1850.	4	0
1815-1886.	4	0
1812-1888.	4	0
1808-1887.	4	0
1805-1848.	4	0
1797-1856.	4	0
1796-1848	4	0
1792-1878.	4	0
1792-1856	4	0
1788-1823	4	0
1786-1859.	4	0
1785-1849	4	0
1781-1841.	4	0
1780-1847.	4	0
1777-1850.	4	0
1775-1840.	4	0
1774-1806	4	0
1773-1814	4	0
1770-1853.	4	0
1766-1838.	4	0
1761-1819.	4	0
1761-1818.	4	0
1761-1792.	4	0
1760-1815	4	0
1758-1834	4	0
1756-1821.	4	0
1755-1800.	4	0
1754-1792.	4	0
1746-1806.	4	0
1745-1808	4	0
1744-1834.	4	0
1741-1809.	4	0
1739-1805	4	0
1736-1822.	4	0
1734-1804.	4	0
1733-1814.	4	0
1733-1804	4	0
1732-1819	4	0
1732-1809.	4	0
1732-1784.	4	0
1729-1782.	4	0
1727-1757	4	0
1719-1798.	4	0
1718-1763.	4	0
1716-1782.	4	0
1715-1781.	4	0
1715-1773.	4	0
1713-1791	4	0
1713-1772.	4	0
1712-1789.	4	0
1712-1772.	4	0
1712-1771	4	0
1708-1784.	4	0
1705-1779.	4	0
1699-1771.	4	0
1699-1748.	4	0
1696-1763.	4	0
1693-1772.	4	0
1680-1750.	4	0
1679-1742.	4	0
1677-1726	4	0
1662-1741.	4	0
1660-1704.	4	0
1638-1674.	4	0
1623-1691	4	0
1622-1679.	4	0
1615-1690	4	0
1611-1679	4	0
1610-1658.	4	0
1606-1674.	4	0
1602-1680.	4	0
1600-1667.	4	0
s. n. 1577, k. 1649.	3	0
n. 1710-1770.	3	0
n. 1702-1752	3	0
n. 1690-1729	3	0
k. n. 1706.	3	0
k. 1783	3	0
k. 1769.	3	0
k. 1740	3	0
k. 1727.	3	0
k. 1726.	3	0
k. 1716.	3	0
k. 1710	3	0
k. 1706.	3	0
k. 1697	3	0
k. 1690	3	0
k. 1683.	3	0
k. 1680.	3	0
k. 1659.	3	0
k. 1657.	3	0
k. 1653.	3	0
k. 1646.	3	0
k. 1615.	3	0
1894-1977.	3	0
1892-1961.	3	0
1890-1969.	3	0
1890-1968.	3	0
1890-1958.	3	0
1889-1975.	3	0
1889-1921.	3	0
1888-1960	3	0
1887-1947	3	0
1886-1975.	3	0
1886-1964.	3	0
1886-1941.	3	0
1885-1958.	3	0
1884-1939.	3	0
1883-1965.	3	0
1883-1941.	3	0
1881-1964.	3	0
1881-1951.	3	0
1880-1966.	3	0
1877-1959.	3	0
1877-1912.	3	0
1876-1944.	3	0
1875-1954.	3	0
1875-1919	3	0
1874-1951.	3	0
1873-1951.	3	0
1873-1940.	3	0
1872-1952.	3	0
1871-1967.	3	0
1870-1950.	3	0
1869-1951.	3	0
1869-1942.	3	0
1869-1909.	3	0
1868-1924.	3	0
1867-1923.	3	0
1867-1917.	3	0
1866-1950.	3	0
1865-1935	3	0
1865-1922.	3	0
1864-1945	3	0
1864-1936.	3	0
1864-1922.	3	0
1863-1935.	3	0
1861-1911.	3	0
1860-1922.	3	0
1858-1933.	3	0
1858-1918.	3	0
1856-1923.	3	0
1856-1913.	3	0
1854-1905.	3	0
1853-1886.	3	0
1851-1931.	3	0
1850-1897.	3	0
1846-1915.	3	0
1846-1907.	3	0
1845-1873.	3	0
1840-1912.	3	0
1837-1906.	3	0
1835-1892.	3	0
1831-1889.	3	0
1828-1896.	3	0
1827-1877.	3	0
1826-1880.	3	0
1819-1883.	3	0
1819-1854.	3	0
1817-1878.	3	0
1815-1887.	3	0
1814-1878.	3	0
1811-1844	3	0
1810-1888.	3	0
1805-1888.	3	0
1799-1834	3	0
1796-1848.	3	0
1795-1884	3	0
1793-1843	3	0
1792-1864	3	0
1788-1858.	3	0
1788-1852.	3	0
1786-1841.	3	0
1785-1859	3	0
1784-1855.	3	0
1784-1815	3	0
1780-1835.	3	0
1780-1818	3	0
1779-1828	3	0
1776-1853.	3	0
1776-1852.	3	0
1774-1836.	3	0
1772-1840.	3	0
1771-1824.	3	0
1770-1853	3	0
1770-1829	3	0
1769-1810.	3	0
1765-1836.	3	0
1765-1825	3	0
1765-1814	3	0
1763-1826.	3	0
1760-1852.	3	0
1757-1834.	3	0
1751-1795.	3	0
1750-1815.	3	0
1748-1803.	3	0
1743-1807.	3	0
1740-1814.	3	0
1740-1803	3	0
1740-1784.	3	0
1739-1793.	3	0
1736-1807	3	0
1735-1783.	3	0
1735-1783	3	0
1733-1781	3	0
1732-1816.	3	0
1731-1794	3	0
1724-1804	3	0
1721-1786.	3	0
1719-1776.	3	0
1718-1804	3	0
1718-1782.	3	0
1717-1768	3	0
1714-1787.	3	0
1712-1751.	3	0
1709-1759	3	0
1707-1777	3	0
1706-1769	3	0
1704-1780	3	0
1704-1764.	3	0
1701-1768.	3	0
1701-1747.	3	0
1700-1746	3	0
1698-1770.	3	0
1698-1762	3	0
1695-1754.	3	0
1692-1756	3	0
1685-1717.	3	0
1684-1740.	3	0
1680-1752	3	0
1677-1726.	3	0
1676-1742	3	0
1676-1732.	3	0
1674-1737.	3	0
1672-1745.	3	0
1669-1708.	3	0
1666-1740.	3	0
1666-1724.	3	0
1664-1737.	3	0
1660-1740.	3	0
1660-1710.	3	0
1659-1730	3	0
1653-1729.	3	0
1650-1718.	3	0
1646-1693.	3	0
1641-1699	3	0
1641-1695.	3	0
1640-1693.	3	0
1637-1677.	3	0
1632-1694.	3	0
1627-1695	3	0
1626-1671	3	0
1624-1684.	3	0
1623-1692	3	0
1613-1699.	3	0
1611-1679.	3	0
1609-1681.	3	0
1607-1685.	3	0
1606-1674	3	0
1604-1670.	3	0
1594-1648.	3	0
1575-1635.	3	0
1565-1627.	3	0
1512-1594.	3	0
s. n. 1670, k. 1727.	2	0
s. n. 1660, k. 1697.	2	0
s. n. 1654, k. 1718.	2	0
s. 1590-luvulla, k. 1651.	2	0
n. 1715-1749?	2	0
n. 1710-1785	2	0
n. 1705-1744	2	0
n. 1703-1744.	2	0
n. 1673-1732.	2	0
n. 1658-1713.	2	0
n. 1516-1575.	2	0
k. n. 1688.	2	0
k. ennen 1641.	2	0
k. 1909.	2	0
k. 1806.	2	0
k. 1793.	2	0
k. 1790.	2	0
k. 1778.	2	0
k. 1771.	2	0
k. 1754.	2	0
k. 1752.	2	0
k. 1747.	2	0
k. 1739.	2	0
k. 1735.	2	0
k. 1734.	2	0
k. 1733.	2	0
k. 1727	2	0
k. 1722	2	0
k. 1720.	2	0
k. 1703	2	0
k. 1700.	2	0
k. 1698.	2	0
k. 1692	2	0
k. 1688	2	0
k. 1687.	2	0
k. 1687	2	0
k. 1682	2	0
k. 1680	2	0
k. 1675	2	0
k. 1671	2	0
k. 1669?	2	0
k. 1668	2	0
k. 1663.	2	0
k. 1661.	2	0
k. 1657	2	0
k. 1653	2	0
k. 1652	2	0
k. 1650	2	0
k. 1648.	2	0
k. 1644.	2	0
fl. 1669-1708.	2	0
1926-2012.	2	0
1894-1974	2	0
1892-1972.	2	0
1890-1967.	2	0
1890-1950.	2	0
1890-1910	2	0
1889-1956.	2	0
1888-1939	2	0
1887-1971.	2	0
1887-1955.	2	0
1886-1963.	2	0
1886-1945.	2	0
1886-1941	2	0
1885-1965.	2	0
1885-1951.	2	0
1884-1980.	2	0
1884-1965.	2	0
1884-1961.	2	0
1884-1952.	2	0
1884-1918.	2	0
1883-1946.	2	0
1883-1939.	2	0
1883-1937.	2	0
1883-1933.	2	0
1882-1971.	2	0
1882-1967.	2	0
1882-1961.	2	0
1881-1923.	2	0
1879-1929.	2	0
1879-1918.	2	0
1877-1943.	2	0
1877-1918.	2	0
1877-1901.	2	0
1876-1962.	2	0
1876-1930.	2	0
1875-1973.	2	0
1875-1951.	2	0
1875-1924.	2	0
1875-1923.	2	0
1874-1949.	2	0
1873-1946.	2	0
1872-1929.	2	0
1871-1942.	2	0
1871-1939.	2	0
1871-1915.	2	0
1871-1906.	2	0
1870-1907.	2	0
1869-1949.	2	0
1869-1921.	2	0
1868-1945.	2	0
1867-1960.	2	0
1866-1928.	2	0
1865-1923.	2	0
1864-1939.	2	0
1863-1954.	2	0
1862-1889.	2	0
1861-1894.	2	0
1859-1922.	2	0
1858-1937	2	0
1857-1913.	2	0
1856-1928	2	0
1856-1890.	2	0
1853-1933.	2	0
1853-1930	2	0
1852-1888.	2	0
1851-1912.	2	0
1851-1909.	2	0
1851-1884.	2	0
1851-1874.	2	0
1849-1917.	2	0
1849-1899.	2	0
1848-1885.	2	0
1847-1893.	2	0
1846-1937.	2	0
1838-1914.	2	0
1837-1891.	2	0
1835-1918.	2	0
1835-1914.	2	0
1832-1889.	2	0
1830-1912.	2	0
1830-1907.	2	0
1829-1907.	2	0
1828-1912.	2	0
1823-1884.	2	0
1823-1873.	2	0
1822-1856.	2	0
1821-1893.	2	0
1821-1886	2	0
1820-1876.	2	0
1820-1863.	2	0
1819-1877.	2	0
1818-1890.	2	0
1817-1860.	2	0
1817-1851.	2	0
1815-1895.	2	0
1813-1895.	2	0
1813-1880.	2	0
1811-1896.	2	0
1811-1862.	2	0
1810-1898.	2	0
1810-1878.	2	0
1810-1877.	2	0
1809-1882.	2	0
1808-1891.	2	0
1807-1875.	2	0
1804-1857.	2	0
1804-1837.	2	0
1803-1883.	2	0
1802-1880.	2	0
1801-1874	2	0
1801-1850.	2	0
1798-1872.	2	0
1798-1853.	2	0
1796-1864.	2	0
1793-1874	2	0
1793-1856.	2	0
1793-1833	2	0
1792-1875.	2	0
1792-1829	2	0
1790-1862.	2	0
1790-1826	2	0
1789-1816	2	0
1787-1830.	2	0
1785-1851.	2	0
1782-1849	2	0
1780-1842	2	0
1780-1822	2	0
1778-1808	2	0
1777-1858.	2	0
1777-1844.	2	0
1775-1844.	2	0
1775-1843	2	0
1774-1854.	2	0
1774-1824.	2	0
1773-1833	2	0
1772-1838	2	0
1772-1831.	2	0
1772-1824	2	0
1772-1817	2	0
1771-1846.	2	0
1770-1830	2	0
1769-1822.	2	0
1767-1838.	2	0
1767-1822.	2	0
1766-1838	2	0
1766-1831.	2	0
1765-1838.	2	0
1765-1824.	2	0
1765-1820	2	0
1765-1792	2	0
1763-1832.	2	0
1758-1826.	2	0
1757-1815.	2	0
1756-1831.	2	0
1755-1797	2	0
1755-1792.	2	0
1754-1821	2	0
1753-1821.	2	0
1753-1815.	2	0
1752-1820.	2	0
1752-1819.	2	0
1750-1832	2	0
1749-1800.	2	0
1746-1819.	2	0
1744-1788.	2	0
1744-1770.	2	0
1743-1832	2	0
1743-1818	2	0
1743-1802.	2	0
1741-1767.	2	0
1741-1767	2	0
1740-1764.	2	0
1739-1810.	2	0
1738-1819.	2	0
1736-1812.	2	0
1734-1801	2	0
1733-1813	2	0
1733-1811	2	0
1733-1809.	2	0
1733-1785.	2	0
1733-1781.	2	0
1732-1785.	2	0
1732-1776.	2	0
1731-1811.	2	0
1730-1812.	2	0
1728-1774.	2	0
1727-1757.	2	0
1725-1789.	2	0
1724-1793.	2	0
1722-1796.	2	0
1722-1780.	2	0
1722-1763	2	0
1720-1778.	2	0
1719-1808.	2	0
1719-1803.	2	0
1719-1779.	2	0
1718-1805.	2	0
1718-1787	2	0
1718-1761	2	0
1717-1787	2	0
1717-1784	2	0
1716-1774	2	0
1715-1777.	2	0
1714-1766.	2	0
1713-1799.	2	0
1713-1788.	2	0
1713-1774	2	0
1713-1767.	2	0
1712-1788.	2	0
1712-1781.	2	0
1712-1773	2	0
1712-1746.	2	0
1711-1772.	2	0
1711-1763.	2	0
1711-1746.	2	0
1710-1788.	2	0
1710-1780.	2	0
1710-1742	2	0
1708-1785.	2	0
1707-1754.	2	0
1706-1776.	2	0
1705-1750.	2	0
1704-1764	2	0
1704-1763	2	0
1703-1765.	2	0
1701-1747	2	0
1701-1744.	2	0
1700-1788	2	0
1699-1748	2	0
1698-1765	2	0
1698-1741.	2	0
1698-1740.	2	0
1694-1774.	2	0
1692-1756.	2	0
1692-1753	2	0
1689-1777.	2	0
1688-1771.	2	0
1686-1728.	2	0
1685-1772.	2	0
1684-1771.	2	0
1684-1761.	2	0
1683-1750.	2	0
1682-1737.	2	0
1681-1749.	2	0
1680-1746.	2	0
1680-1723	2	0
1679-1735.	2	0
1678-1740.	2	0
1677-1753	2	0
1676-1746.	2	0
1674-1748.	2	0
1674-1748	2	0
1674-1741.	2	0
1671-1743.	2	0
1671-1734.	2	0
1671-1716.	2	0
1670-1708.	2	0
1669-1722.	2	0
1668-1738.	2	0
1667-1739.	2	0
1667-1735.	2	0
1667-1723.	2	0
1666-1747.	2	0
1664-1743.	2	0
1663-1734.	2	0
1661-1721.	2	0
1658-1720.	2	0
1658-1679.	2	0
1656-1701.	2	0
1655-1712.	2	0
1652-1691.	2	0
1650-1724.	2	0
1650-1712.	2	0
1649-1692.	2	0
1648-1690	2	0
1647-1718	2	0
1646-1720.	2	0
1645-1696.	2	0
1644-1723.	2	0
1644-1697.	2	0
1640-1693	2	0
1627-1679.	2	0
1626-1703.	2	0
1624-1679	2	0
1624-1666.	2	0
1623-1678	2	0
1619-1676.	2	0
1618-1674.	2	0
1614-1680.	2	0
1613-1688	2	0
1613-1672.	2	0
1608-1655	2	0
1605-1661.	2	0
1600-1645.	2	0
1596-1664	2	0
1587-1662.	2	0
1587-1639.	2	0
1585-1639.	2	0
1583-1623.	2	0
1570-1638.	2	0
1568-1619.	2	0
1565-1621.	2	0
1528-1567.	2	0
1484-1550.	2	0
s. viim. 1638, k. 1681.	1	0
s. n. 1677, k. 1743.	1	0
s. n. 1661, k. 1688.	1	0
s. n. 1660, k. 1722.	1	0
s. n. 1654, k. 1718	1	0
s. n. 1653, k. 1692.	1	0
s. n. 1630, k. 1672.	1	0
s. n. 1610	1	0
s. n. 1570, k. 1632.	1	0
s. n. 1560, k. ennen 1617.	1	0
s. 1678, k. 1695 j채lkeen.	1	0
s. 1658, k. n. 1712.	1	0
s. 1630-luvulla, k. 1684.	1	0
n. 1764-1833	1	0
n. 1751-1817	1	0
n. 1730-1786	1	0
n. 1723-1741	1	0
n. 1720-1749.	1	0
n. 1717-1756.	1	0
n. 1710-1798.	1	0
n. 1710-1788	1	0
n. 1708-1786.	1	0
n. 1708-1772.	1	0
n. 1707-1772.	1	0
n. 1706-1760	1	0
n. 1705-1785.	1	0
n. 1705-1735.	1	0
n. 1700-1762	1	0
n. 1697-1753	1	0
n. 1692-1750	1	0
n. 1690-1748	1	0
n. 1678-1748	1	0
n. 1677-1712.	1	0
n. 1677-1705.	1	0
n. 1671-1698	1	0
n. 1665-1692	1	0
n. 1660-1737	1	0
n. 1656-1714.	1	0
n. 1638-1702	1	0
n. 1637-1686	1	0
n. 1631-1697.	1	0
n. 1623-1667	1	0
n. 1620-1678.	1	0
n. 1618-1674	1	0
n. 1617-1681.	1	0
n. 1615-1671.	1	0
n. 1612-1666.	1	0
n. 1540-1588	1	0
k. n. 1759.	1	0
k. n. 1736	1	0
k. n. 1735.	1	0
k. n. 1724	1	0
k. n. 1700	1	0
k. n. 1697.	1	0
k. n. 1683	1	0
k. n. 1681.	1	0
k. n. 1670.	1	0
k. n. 1665.	1	0
k. ennen 1730.	1	0
k. ennen 1690.	1	0
k. 1840.	1	0
k. 1811.	1	0
k. 1808	1	0
k. 1805.	1	0
k. 1804.	1	0
k. 1788.	1	0
k. 1784.	1	0
k. 1784	1	0
k. 1782.	1	0
k. 1781.	1	0
k. 1778	1	0
k. 1776.	1	0
k. 1767.	1	0
k. 1767	1	0
k. 1764.	1	0
k. 1758.	1	0
k. 1758	1	0
k. 1756.	1	0
k. 1756	1	0
k. 1749	1	0
k. 1748.	1	0
k. 1747	1	0
k. 1745.	1	0
k. 1739	1	0
k. 1738.	1	0
k. 1738	1	0
k. 1737?	1	0
k. 1733	1	0
k. 1731	1	0
k. 1730	1	0
k. 1729	1	0
k. 1728	1	0
k. 1724.	1	0
k. 1724	1	0
k. 1723.	1	0
k. 1722?	1	0
k. 1715	1	0
k. 1712	1	0
k. 1711	1	0
k. 1708	1	0
k. 1705.	1	0
k. 1705 j채lkeen.	1	0
k. 1702?	1	0
k. 1700	1	0
k. 1698?	1	0
k. 1695	1	0
k. 1693	1	0
k. 1691	1	0
k. 1689 j채lkeen.	1	0
k. 1685.	1	0
k. 1678.	1	0
k. 1676	1	0
k. 1675?	1	0
k. 1673.	1	0
k. 1672.	1	0
k. 1672	1	0
k. 1671.	1	0
k. 1670	1	0
k. 1663?	1	0
k. 1662.	1	0
k. 1661	1	0
k. 1660.	1	0
k. 1656.	1	0
k. 1656	1	0
k. 1654.	1	0
k. 1654	1	0
k. 1652.	1	0
k. 1649.	1	0
k. 1643.	1	0
k. 1640.	1	0
k. 1637.	1	0
k. 1635 j채lkeen.	1	0
k. 1632.	1	0
k. 1609.	1	0
k. 1600.	1	0
k. 1595.	1	0
k. 1594.	1	0
k. 1591.	1	0
d. 1681.	1	0
1898-1972.	1	0
1898-1953.	1	0
1897-1979.	1	0
1897-1975.	1	0
1895-1964.	1	0
1894-1978.	1	0
1894-1974.	1	0
1893-1984.	1	0
1892-1983.	1	0
1892-1955	1	0
1892-1952.	1	0
1891-1977.	1	0
1891-1966.	1	0
1891-1962.	1	0
1891-1926.	1	0
1889-1963.	1	0
1889-1948.	1	0
1889-1946.	1	0
1888-1953.	1	0
1888-1917.	1	0
1887-1958.	1	0
1887-1932.	1	0
1886-1980.	1	0
1886-1962.	1	0
1886-1947.	1	0
1886-1935.	1	0
1884-1976.	1	0
1884-1947.	1	0
1884-1936.	1	0
1883-1918.	1	0
1882-1968.	1	0
1882-1959.	1	0
1882-1953.	1	0
1882-1926.	1	0
1881-1973.	1	0
1881-1966.	1	0
1881-1959.	1	0
1881-1943.	1	0
1880-1931	1	0
1880-1915	1	0
1879-1963.	1	0
1879-1958	1	0
1879-1948.	1	0
1878-1969.	1	0
1878-1954.	1	0
1877-1901	1	0
1876-1959	1	0
1876-1933	1	0
1875-1964	1	0
1875-1937.	1	0
1875-1932.	1	0
1874-1954.	1	0
1874-1951	1	0
1874-1929.	1	0
1873-1918.	1	0
1873-1904	1	0
1872-1945.	1	0
1872-1933	1	0
1871-1960.	1	0
1871-1957.	1	0
1871-1934.	1	0
1871-1932.	1	0
1871-1921	1	0
1870-1954.	1	0
1870-1938.	1	0
1869-1945.	1	0
1868-1957.	1	0
1867-1932	1	0
1864-1953.	1	0
1864-1944.	1	0
1863-1948.	1	0
1863-1914.	1	0
1863-1888.	1	0
1862-1960.	1	0
1862-1941.	1	0
1862-1922	1	0
1862-1895.	1	0
1861-1960.	1	0
1861-1940.	1	0
1861-1921	1	0
1860-1953.	1	0
1860-1889	1	0
1858-1925.	1	0
1857-1937	1	0
1857-1931.	1	0
1857-1889.	1	0
1855-1891.	1	0
1854-1928.	1	0
1854-1906.	1	0
1853-1914.	1	0
1852-1919.	1	0
1852-1893.	1	0
1851-1925.	1	0
1851-1911.	1	0
1851-1898.	1	0
1850-1932.	1	0
1850-1930	1	0
1850-1926	1	0
1850-1925.	1	0
1850-1924.	1	0
1850-1919	1	0
1850-1891.	1	0
1848-1915.	1	0
1847-1904.	1	0
1847-1892.	1	0
1846-1898.	1	0
1845-1928.	1	0
1845-1916.	1	0
1845-1896	1	0
1844-1941.	1	0
1844-1927.	1	0
1844-1926.	1	0
1844-1915.	1	0
1843-1918.	1	0
1843-1892.	1	0
1843-1891.	1	0
1842-1914.	1	0
1842-1894.	1	0
1842-1892.	1	0
1842-1880.	1	0
1841-1919.	1	0
1841-1917.	1	0
1839-1914.	1	0
1839-1864.	1	0
1838-1898.	1	0
1838-1885.	1	0
1837-1917.	1	0
1837-1916.	1	0
1837-1889.	1	0
1836-1925.	1	0
1835-1919.	1	0
1835-1896.	1	0
1835-1894.	1	0
1834-1897.	1	0
1832-1884.	1	0
1832-1882	1	0
1832-1868.	1	0
1831-1879.	1	0
1830-1905.	1	0
1828-1918.	1	0
1828-1862.	1	0
1826-1901.	1	0
1825-1852.	1	0
1824-1884	1	0
1824-1880.	1	0
1823-1895.	1	0
1823-1880.	1	0
1822-1899.	1	0
1822-1865.	1	0
1821-1868.	1	0
1820-1850	1	0
1819-1879	1	0
1818-1883.	1	0
1817-1887.	1	0
1817-1885.	1	0
1816-1879.	1	0
1815-1874.	1	0
1815-1870.	1	0
1815-1852.	1	0
1814-1881.	1	0
1813-1861	1	0
1812-1884.	1	0
1812-1868	1	0
1811-1874.	1	0
1811-1842.	1	0
1810-1893	1	0
1810-1887.	1	0
1809-1861.	1	0
1808-1888.	1	0
1808-1865.	1	0
1807-1897.	1	0
1807-1881	1	0
1807-1847.	1	0
1805-1877.	1	0
1805-1852.	1	0
1804-1871.	1	0
1804-1854	1	0
1804-1835.	1	0
1803-1866.	1	0
1802-1880	1	0
1802-1875.	1	0
1802-1868.	1	0
1802-1851	1	0
1801-1893.	1	0
1801-1879.	1	0
1801-1874.	1	0
1801-1852	1	0
1800-1869.	1	0
1800-1857	1	0
1799-1883.	1	0
1799-1856.	1	0
1798-1846.	1	0
1797-1870.	1	0
1797-1856	1	0
1797-1848	1	0
1797-1842	1	0
1797-1827	1	0
1796-1876.	1	0
1795-1882.	1	0
1795-1850.	1	0
1795-1820.	1	0
1794-1855	1	0
1793-1856	1	0
1793-1838.	1	0
1793-1833.	1	0
1792-1856.	1	0
1792-1838.	1	0
1791-1857.	1	0
1791-1843.	1	0
1791-1835	1	0
1790-1876.	1	0
1790-1865	1	0
1786-1849	1	0
1785-1814	1	0
1785-1810	1	0
1784-1847.	1	0
1783-1835.	1	0
1782-1854	1	0
1782-1849.	1	0
1782-1845	1	0
1781-1867.	1	0
1781-1865.	1	0
1781-1831.	1	0
1780-1865.	1	0
1780-1852.	1	0
1780-1851.	1	0
1780-1845	1	0
1780-1844	1	0
1780-1823	1	0
1779-1824	1	0
1778-1853.	1	0
1778-1818	1	0
1777-1804	1	0
1777-1799	1	0
1776-1833	1	0
1776-1832.	1	0
1776-1828.	1	0
1776-1826	1	0
1775-1848	1	0
1775-1809	1	0
1774-1830	1	0
1774-1808.	1	0
1774-1805	1	0
1773-1839	1	0
1773-1838	1	0
1773-1832.	1	0
1773-1820	1	0
1773-1813	1	0
1773-1811	1	0
1772-1832.	1	0
1772-1825.	1	0
1772-1818.	1	0
1771-1855	1	0
1771-1852.	1	0
1771-1843.	1	0
1771-1833.	1	0
1771-1832.	1	0
1771-1828	1	0
1771-1807	1	0
1770-1849	1	0
1770-1836.	1	0
1770-1836	1	0
1770-1820.	1	0
1770-1802	1	0
1769-1844	1	0
1769-1843.	1	0
1769-1837.	1	0
1769-1834	1	0
1769-1829.	1	0
1769-1824.	1	0
1769-1824	1	0
1769-1820.	1	0
1768-1849.	1	0
1768-1830	1	0
1768-1818.	1	0
1768-1814	1	0
1768-1805	1	0
1768-1804	1	0
1767-1848	1	0
1767-1832.	1	0
1767-1832	1	0
1767-1813.	1	0
1767-1802	1	0
1766-1839	1	0
1766-1837	1	0
1766-1828	1	0
1766-1807.	1	0
1765-1821.	1	0
1765-1808.	1	0
1765-1807	1	0
1765-1797	1	0
1764-1847.	1	0
1764-1846.	1	0
1764-1845.	1	0
1764-1828.	1	0
1764-1816.	1	0
1764-1816	1	0
1764-1803	1	0
1763-1843.	1	0
1763-1841	1	0
1763-1829	1	0
1763-1827.	1	0
1763-1812.	1	0
1762-1855.	1	0
1762-1847.	1	0
1762-1847	1	0
1762-1827.	1	0
1762-1822.	1	0
1762-1821.	1	0
1762-1813	1	0
1761-1840.	1	0
1761-1833	1	0
1761-1831.	1	0
1761-1825.	1	0
1761-1822.	1	0
1761-1818	1	0
1761-1806.	1	0
1761-1803.	1	0
1760-1834.	1	0
1760-1829.	1	0
1760-1825.	1	0
1760-1823.	1	0
1760-1822.	1	0
1760-1819.	1	0
1760-1811.	1	0
1760-1804	1	0
1760-1795	1	0
1759-1839	1	0
1759-1830.	1	0
1759-1827.	1	0
1759-1818.	1	0
1759-1808.	1	0
1759-1805.	1	0
1759-1803.	1	0
1759-1803	1	0
1758-1837.	1	0
1758-1826	1	0
1758-1824.	1	0
1758-1820.	1	0
1758-1803.	1	0
1758-1802	1	0
1758-1795	1	0
1757-1823.	1	0
1757-1822.	1	0
1757-1821.	1	0
1757-1820.	1	0
1757-1819.	1	0
1756-1842.	1	0
1756-1838.	1	0
1756-1837	1	0
1756-1832	1	0
1756-1830.	1	0
1756-1828.	1	0
1756-1821	1	0
1756-1817.	1	0
1756-1814.	1	0
1756-1812	1	0
1756-1810.	1	0
1756-1810	1	0
1755-1828	1	0
1755-1816.	1	0
1755-1808.	1	0
1755-1806.	1	0
1755-1805	1	0
1755-1791	1	0
1754-1810.	1	0
1753-1829.	1	0
1753-1820	1	0
1753-1817.	1	0
1753-1817	1	0
1753-1807.	1	0
1753-1804.	1	0
1752-1817.	1	0
1752-1816.	1	0
1752-1815.	1	0
1752-1805	1	0
1752-1788	1	0
1752-1779	1	0
1751-1838.	1	0
1751-1818.	1	0
1751-1811.	1	0
1751-1810	1	0
1751-1795	1	0
1751-1784.	1	0
1751-1783	1	0
1750-1825	1	0
1750-1821.	1	0
1750-1818	1	0
1750-1802.	1	0
1750-1802	1	0
1750-1798	1	0
1749-1831.	1	0
1749-1816.	1	0
1749-1812	1	0
1749-1801.	1	0
1748-1834.	1	0
1748-1828.	1	0
1748-1822.	1	0
1748-1820.	1	0
1748-1818	1	0
1748-1791.	1	0
1748-1778	1	0
1747-1811	1	0
1747-1809.	1	0
1747-1789.	1	0
1746-1825.	1	0
1746-1817.	1	0
1746-1816.	1	0
1746-1809.	1	0
1746-1806	1	0
1746-1803	1	0
1745-1831.	1	0
1745-1820.	1	0
1745-1792	1	0
1744-1831.	1	0
1744-1822	1	0
1744-1817.	1	0
1744-1810.	1	0
1744-1800.	1	0
1743-1816	1	0
1743-1813.	1	0
1743-1810	1	0
1743-1788.	1	0
1743-1777	1	0
1742-1838.	1	0
1742-1810.	1	0
1742-1810	1	0
1741-1800.	1	0
1741-1790	1	0
1740-1827.	1	0
1740-1820.	1	0
1740-1813	1	0
1740-1804.	1	0
1740-1791	1	0
1740-1771	1	0
1740-1764	1	0
1739-1808	1	0
1739-1803.	1	0
1739-1802	1	0
1739-1801	1	0
1739-1782.	1	0
1739-1771	1	0
1738-1811.	1	0
1738-1806	1	0
1738-1783	1	0
1738-1775.	1	0
1737-1817.	1	0
1736-1808.	1	0
1736-1789.	1	0
1736-1789	1	0
1736-1787	1	0
1735-1807.	1	0
1735-1784.	1	0
1734-1804	1	0
1734-1802	1	0
1734-1791.	1	0
1734-1789	1	0
1734-1787.	1	0
1734-1760	1	0
1733-1809	1	0
1733-1797.	1	0
1733-1797	1	0
1733-1763	1	0
1732-1816	1	0
1732-1809	1	0
1732-1796	1	0
1731-1815	1	0
1731-1814.	1	0
1731-1802.	1	0
1731-1794.	1	0
1731-1780	1	0
1730-1800.	1	0
1730-1800	1	0
1730-1779.	1	0
1729-1793	1	0
1729-1792.	1	0
1729-1762.	1	0
1728-1808	1	0
1728-1798.	1	0
1728-1796.	1	0
1728-1794.	1	0
1728-1793	1	0
1728-1785.	1	0
1728-1778.	1	0
1727-1806.	1	0
1727-1781	1	0
1727-1779.	1	0
1727-1756.	1	0
1727-1755.	1	0
1726-1781.	1	0
1725-1796	1	0
1725-1795	1	0
1725-1791.	1	0
1725-1763.	1	0
1724-1799	1	0
1724-1792	1	0
1724-1773	1	0
1724-1771.	1	0
1723-1793	1	0
1723-1787	1	0
1723-1786.	1	0
1723-1785.	1	0
1723-1757.	1	0
1722-1803.	1	0
1722-1800.	1	0
1722-1796	1	0
1722-1790.	1	0
1722-1783.	1	0
1722-1782	1	0
1721-1803	1	0
1721-1797	1	0
1721-1793.	1	0
1721-1788	1	0
1720-1798.	1	0
1720-1794	1	0
1720-1770	1	0
1720-1758.	1	0
1720-1755.	1	0
1720-1745.	1	0
1719-1798	1	0
1719-1797.	1	0
1719-1754	1	0
1719-1753.	1	0
1718-1794.	1	0
1718-1792.	1	0
1718-1791	1	0
1718-1784	1	0
1718-1782	1	0
1718-1775	1	0
1718-1766.	1	0
1718-1763	1	0
1718-1761.	1	0
1717-1777	1	0
1717-1774	1	0
1717-1772.	1	0
1717-1769	1	0
1717-1763	1	0
1716-1801.	1	0
1716-1797.	1	0
1716-1794.	1	0
1716-1788.	1	0
1716-1781.	1	0
1716-1781	1	0
1716-1775.	1	0
1715-1799	1	0
1715-1797.	1	0
1715-1787	1	0
1715-1747.	1	0
1715-1743	1	0
1714-1786	1	0
1714-1784	1	0
1714-1766	1	0
1714-1762	1	0
1713-1795	1	0
1713-1776	1	0
1713-1770.	1	0
1712-1809	1	0
1712-1798.	1	0
1712-1781	1	0
1712-1771.	1	0
1712-1770.	1	0
1712-1762	1	0
1712-1746	1	0
1711-1799.	1	0
1711-1794.	1	0
1711-1791.	1	0
1711-1790	1	0
1711-1788.	1	0
1711-1781.	1	0
1711-1768	1	0
1711-1743.	1	0
1711-1738	1	0
1710-1775.	1	0
1710-1770.	1	0
1710-1770	1	0
1710-1759	1	0
1710-1742.	1	0
1709-1799.	1	0
1709-1788	1	0
1709-1778	1	0
1709-1769.	1	0
1709-1768.	1	0
1709-1765	1	0
1709-1753	1	0
1708-1784	1	0
1708-1774	1	0
1708-1771	1	0
1708-1768.	1	0
1708-1756	1	0
1707-1790.	1	0
1707-1768	1	0
1707-1765	1	0
1707-1743	1	0
1706-1785.	1	0
1706-1778.	1	0
1706-1777	1	0
1706-1773	1	0
1705-1789	1	0
1705-1772	1	0
1705-1770.	1	0
1705-1757.	1	0
1705-1737.	1	0
1705-1737	1	0
1704-1770.	1	0
1704-1769.	1	0
1704-1769	1	0
1704-1766.	1	0
1704-1765.	1	0
1704-1758.	1	0
1704-1754.	1	0
1704-1754	1	0
1704-1734.	1	0
1703-1788.	1	0
1703-1765	1	0
1703-1759.	1	0
1702-1779.	1	0
1702-1772	1	0
1702-1771.	1	0
1702-1765.	1	0
1702-1761	1	0
1701-1768	1	0
1701-1758.	1	0
1701-1742.	1	0
1700-1787.	1	0
1700-1787	1	0
1700-1757	1	0
1700-1756	1	0
1700-1737.	1	0
1698-1762.	1	0
1698-1761	1	0
1698-1757.	1	0
1698-1742	1	0
1698-1741	1	0
1697-1783.	1	0
1697-1774.	1	0
1697-1735	1	0
1696-1778.	1	0
1696-1750.	1	0
1695-1737.	1	0
1694-1777	1	0
1693-1772	1	0
1693-1738.	1	0
1692-1772	1	0
1692-1761.	1	0
1692-1755.	1	0
1691-1765	1	0
1691-1762.	1	0
1690-1763.	1	0
1690-1753.	1	0
1688-1781.	1	0
1688-1727.	1	0
1687-1748.	1	0
1686-1762.	1	0
1686-1759	1	0
1686-1748	1	0
1686-1733.	1	0
1684-1740	1	0
1683-1762	1	0
1683-1728	1	0
1682-1747.	1	0
1682-1747	1	0
1681-1753	1	0
1681-1741.	1	0
1681-1729	1	0
1680-1751	1	0
1680-1723.	1	0
1679-1761.	1	0
1679-1761	1	0
1679-1710.	1	0
1678-1739.	1	0
1678-1728	1	0
1678-1720	1	0
1678-1702.	1	0
1677-1761	1	0
1677-1745	1	0
1677-1736.	1	0
1677-1736	1	0
1677-1723.	1	0
1676-1750.	1	0
1676-1736.	1	0
1676-1736	1	0
1676-1724.	1	0
1675-1737.	1	0
1674-1701.	1	0
1673-1739.	1	0
1673-1733.	1	0
1673-1727	1	0
1672-1752.	1	0
1672-1750.	1	0
1672-1726.	1	0
1672-1709	1	0
1671-1753.	1	0
1671-1717.	1	0
1671-1713.	1	0
1671-1697.	1	0
1670-1754	1	0
1670-1744.	1	0
1670-1721.	1	0
1670-1716.	1	0
1670-1698.	1	0
1669-1740	1	0
1668-1734	1	0
1668-1729.	1	0
1667-1728.	1	0
1667-1728	1	0
1667-1702	1	0
1667-1691.	1	0
1666-1736	1	0
1666-1728.	1	0
1666-1723.	1	0
1666-1716	1	0
1666-1712	1	0
1666-1707.	1	0
1666-1704	1	0
1665-1729.	1	0
1664-1740	1	0
1664-1705.	1	0
1663-1729	1	0
1662-1727.	1	0
1662-1718.	1	0
1662-1709.	1	0
1661-1724.	1	0
1661-1723	1	0
1661-1704	1	0
1660-1728.	1	0
1660-1710	1	0
1660-1708.	1	0
1660-1684.	1	0
1659-1735.	1	0
1659-1719.	1	0
1659-1713.	1	0
1658-1729.	1	0
1658-1708.	1	0
1657-1720.	1	0
1657-1697	1	0
1656-1726.	1	0
1655-1732	1	0
1655-1727.	1	0
1655-1717.	1	0
1655-1714	1	0
1655-1711.	1	0
1655-1709.	1	0
1655-1700.	1	0
1655-1681.	1	0
1654-1725.	1	0
1654-1722.	1	0
1653-1723.	1	0
1653-1715.	1	0
1652-1739	1	0
1652-1710.	1	0
1652-1687.	1	0
1651-1707.	1	0
1651-1703	1	0
1651-1679.	1	0
1650-1723.	1	0
1650-1707.	1	0
1649-1730.	1	0
1649-1728.	1	0
1648-1716	1	0
1648-1699	1	0
1648-1692.	1	0
1646-1716	1	0
1646-1710	1	0
1646-1709.	1	0
1645-1724.	1	0
1645-1704.	1	0
1645-1691.	1	0
1644-1723	1	0
1644-1675.	1	0
1642-1709	1	0
1642-1707.	1	0
1642-1691.	1	0
1642-1675.	1	0
1640-1702	1	0
1640-1697.	1	0
1640-1689	1	0
1640-1688.	1	0
1640-1682.	1	0
1640-1666.	1	0
1638-1715	1	0
1638-1692	1	0
1638-1682.	1	0
1637-1721.	1	0
1637-1706.	1	0
1636-1702.	1	0
1636-1701.	1	0
1635-1700.	1	0
1635-1689.	1	0
1635-1676	1	0
1634-1691.	1	0
1633-1705	1	0
1633-1672.	1	0
1631-1684.	1	0
1630-1712.	1	0
1629-1704.	1	0
1629-1693	1	0
1628-1690.	1	0
1628-1685.	1	0
1626-1683.	1	0
1626-1681	1	0
1625-1714.	1	0
1625-1697.	1	0
1625-1692.	1	0
1625-1679.	1	0
1625-1670.	1	0
1624-1695.	1	0
1623-1687.	1	0
1623-1676.	1	0
1623-1667.	1	0
1623-1667	1	0
1622-1683.	1	0
1622-1676	1	0
1622-1675	1	0
1621-1699.	1	0
1620-1680.	1	0
1620-1658.	1	0
1619-1680.	1	0
1619-1664.	1	0
1617-1707	1	0
1617-1697.	1	0
1616-1700.	1	0
1616-1673.	1	0
1616-1656.	1	0
1614-1666.	1	0
1613-1691	1	0
1613-1688.	1	0
1613-1668	1	0
1612-n. 1659.	1	0
1612-1649	1	0
1610-1681.	1	0
1610-1671.	1	0
1606-1663.	1	0
1605-1694.	1	0
1603-1656.	1	0
1602-1669.	1	0
1602-1667.	1	0
1602-1650.	1	0
1602-1645.	1	0
1601-1647	1	0
1598-1677	1	0
1598-1676	1	0
1598-1639.	1	0
1597-1672.	1	0
1596-1675.	1	0
1596-1657.	1	0
1593-1670.	1	0
1590-1676	1	0
1590-1657.	1	0
1589-1661.	1	0
1589-1661	1	0
1588-1638.	1	0
1587-1656.	1	0
1587-1655.	1	0
1587-1626.	1	0
1583-1651.	1	0
1583-1651	1	0
1582-1659.	1	0
1582-1656.	1	0
1582-1642.	1	0
1581-1635.	1	0
1581-1617.	1	0
1573-1669.	1	0
1571-1646.	1	0
1565-1646.	1	0
1565-1627	1	0
1556-1613	1	0
1554-1616.	1	0
1528-1591.	1	0
1528-1564.	1	0
1521-1597.	1	0
