original	from	till	count
1916.	1916	1916	1947
1912.	1912	1912	1888
1917.	1917	1917	1880
1908.	1908	1908	1772
1915.	1915	1915	1744
1913.	1913	1913	1731
1907.	1907	1907	1643
1910.	1910	1910	1635
1906.	1906	1906	1632
1909.	1909	1909	1616
1911.	1911	1911	1566
1914.	1914	1914	1542
1903.	1903	1903	1243
1905.	1905	1905	1235
1904.	1904	1904	1167
1899.	1899	1899	1127
1901.	1901	1901	1108
1902.	1902	1902	1095
1900.	1900	1900	1062
1898.	1898	1898	900
1897.	1897	1897	809
1892.	1892	1892	800
1896.	1896	1896	787
1891.	1891	1891	762
1895.	1895	1895	757
1893.	1893	1893	742
1894.	1894	1894	723
1890.	1890	1890	591
1889.	1889	1889	564
1887.	1887	1887	508
1886.	1886	1886	484
1888.	1888	1888	476
[s.a.]	NA	NA	414
1884.	1884	1884	304
1885.	1885	1885	266
[1808]	1808	1808	257
[1807]	1807	1807	251
[1790]	1790	1790	250
1883.	1883	1883	248
1879.	1879	1879	246
1880.	1880	1880	242
1878.	1878	1878	234
1881.	1881	1881	231
[1806]	1806	1806	229
[1789]	1789	1789	227
[1791]	1791	1791	226
[1809]	1809	1809	218
[1788]	1788	1788	215
1876.	1876	1876	208
1882.	1882	1882	204
[1792]	1792	1792	202
[1786]	1786	1786	196
[1801]	1801	1801	189
[1802]	1802	1802	189
[1787]	1787	1787	186
1877.	1877	1877	176
[1798]	1798	1798	171
[1803]	1803	1803	170
[1775]	1775	1775	169
[1785]	1785	1785	168
[1797]	1797	1797	165
[1800]	1800	1800	165
[1772]	1772	1772	163
[1799]	1799	1799	162
1875.	1875	1875	157
[1697]	1697	1697	156
[1778]	1778	1778	155
[1784]	1784	1784	146
[1777]	1777	1777	136
[1796]	1796	1796	135
[1795]	1795	1795	129
[1776]	1776	1776	128
1913	1913	1913	123
[1694]	1694	1694	123
[1774]	1774	1774	123
[1773]	1773	1773	122
1872.	1872	1872	120
[1771]	1771	1771	120
1912	1912	1912	119
1874.	1874	1874	118
[1908]	1908	1908	118
[1748]	1748	1748	117
1855.	1855	1855	116
[1766]	1766	1766	116
1873.	1873	1873	115
[1741]	1741	1741	115
[1695]	1695	1695	113
[1762]	1762	1762	112
[1693]	1693	1693	111
[1782]	1782	1782	108
[1688]	1688	1688	107
[1780]	1780	1780	106
[1690]	1690	1690	104
[1760]	1760	1760	104
1871.	1871	1871	103
[1751]	1751	1751	103
[1745]	1745	1745	102
[1805]	1805	1805	101
[1779]	1779	1779	98
[1712]	1712	1712	98
[1679]	1679	1679	97
[1685]	1685	1685	97
1862.	1862	1862	96
1870.	1870	1870	96
[1735]	1735	1735	96
[1757]	1757	1757	93
1908	1908	1908	91
[1691]	1691	1691	91
[1692]	1692	1692	90
[1781]	1781	1781	89
[1709]	1709	1709	89
1910	1910	1910	88
[1907]	1907	1907	88
[1754]	1754	1754	88
[1700]	1700	1700	88
1907	1907	1907	87
1869.	1869	1869	87
[1744]	1744	1744	87
[1732]	1732	1732	86
[1763]	1763	1763	86
[1698]	1698	1698	86
[1783]	1783	1783	85
[1753]	1753	1753	85
[1707]	1707	1707	84
[1752]	1752	1752	84
1863.	1863	1863	83
[1708]	1708	1708	83
[1909]	1909	1909	82
1917	1917	1917	81
1915	1915	1915	81
[1687]	1687	1687	81
[1680]	1680	1680	81
[1689]	1689	1689	79
[1737]	1737	1737	79
1909	1909	1909	78
1866.	1866	1866	78
[1730]	1730	1730	78
1861.	1861	1861	77
1864.	1864	1864	77
1906	1906	1906	77
[1769]	1769	1769	77
1856.	1856	1856	76
1914	1914	1914	76
[1664]	1664	1664	76
1899	1899	1899	75
[1804]	1804	1804	75
[1682]	1682	1682	75
[1738]	1738	1738	75
[1764]	1764	1764	75
[1793]	1793	1793	75
[1913]	1913	1913	74
[1696]	1696	1696	74
[1912]	1912	1912	73
[1703]	1703	1703	73
[1699]	1699	1699	72
[1759]	1759	1759	72
[1914]	1914	1914	71
1905	1905	1905	70
[1729]	1729	1729	70
[1655]	1655	1655	70
[1765]	1765	1765	70
[1917]	1917	1917	69
1911	1911	1911	67
[1686]	1686	1686	67
[1656]	1656	1656	67
1868.	1868	1868	66
1857.	1857	1857	66
1808.	1808	1808	66
[1740]	1740	1740	66
[1767]	1767	1767	66
[1743]	1743	1743	66
1865.	1865	1865	65
[1827]	1827	1827	65
[1747]	1747	1747	65
[1768]	1768	1768	65
[1794]	1794	1794	65
1904	1904	1904	64
[1823]	1823	1823	64
[1681]	1681	1681	64
[1756]	1756	1756	64
[1742]	1742	1742	64
1853.	1853	1853	63
[1911]	1911	1911	63
[1819]	1819	1819	63
[1736]	1736	1736	63
1789.	1789	1789	63
1852.	1852	1852	62
[1906]	1906	1906	62
1790.	1790	1790	62
[1678]	1678	1678	62
[1750]	1750	1750	62
1771.	1771	1771	61
1858.	1858	1858	60
[1733]	1733	1733	60
[1673]	1673	1673	60
1854.	1854	1854	59
[1758]	1758	1758	59
1894	1894	1894	57
1876	1876	1876	57
1851.	1851	1851	57
1890	1890	1890	57
[1755]	1755	1755	57
1792.	1792	1792	56
[1660]	1660	1660	56
[1761]	1761	1761	56
1892	1892	1892	55
1867.	1867	1867	55
1916	1916	1916	55
1900	1900	1900	55
[1734]	1734	1734	55
[1710]	1710	1710	55
[1916]	1916	1916	54
1917-1917.	1917	1917	54
[1749]	1749	1749	54
[1683]	1683	1683	54
[1677]	1677	1677	54
[1728]	1728	1728	54
1886	1886	1886	53
1885	1885	1885	53
[1910]	1910	1910	53
1772.	1772	1772	53
1788.	1788	1788	53
[1654]	1654	1654	53
[1704]	1704	1704	53
[1815]	1815	1815	52
1860.	1860	1860	52
[1674]	1674	1674	52
[1684]	1684	1684	52
[1675]	1675	1675	52
1859.	1859	1859	51
1898	1898	1898	51
[1810]	1810	1810	51
[1770]	1770	1770	51
[1711]	1711	1711	51
[1661]	1661	1661	51
1901	1901	1901	50
[1746]	1746	1746	50
1770.	1770	1770	50
1882	1882	1882	49
[1915]	1915	1915	49
[1705]	1705	1705	49
[1739]	1739	1739	49
1893	1893	1893	48
1877	1877	1877	48
1897	1897	1897	48
1896	1896	1896	48
1650.	1650	1650	48
[1706]	1706	1706	48
anno 1648.	1648	1648	48
[1662]	1662	1662	48
1903	1903	1903	47
1809.	1809	1809	46
1895	1895	1895	46
1849.	1849	1849	46
1902	1902	1902	46
1848.	1848	1848	46
[1702]	1702	1702	46
[1731]	1731	1731	46
[1821]	1821	1821	45
1889	1889	1889	44
1906-1906.	1906	1906	44
[1726]	1726	1726	44
1646.	1646	1646	44
1800.	1800	1800	44
[1671]	1671	1671	44
1891	1891	1891	43
1881	1881	1881	43
[1676]	1676	1676	43
1847.	1847	1847	42
1652.	1652	1652	42
1778.	1778	1778	42
[1669]	1669	1669	42
1850.	1850	1850	41
[189?]	189	189	41
[1701]	1701	1701	41
1647.	1647	1647	41
[1826]	1826	1826	40
1908-1908.	1908	1908	40
[1668]	1668	1668	40
anno 1649.	1649	1649	40
1912-1913.	1912	1913	39
[1672]	1672	1672	39
[1667]	1667	1667	39
an. 1653.	1653	1653	39
[1724]	1724	1724	39
1769.	1769	1769	39
1803.	1803	1803	38
1880	1880	1880	38
[1665]	1665	1665	38
anno 1651.	1651	1651	38
1798.	1798	1798	38
1873	1873	1873	37
1884	1884	1884	37
1805.	1805	1805	37
1914-1915.	1914	1915	37
1766.	1766	1766	37
[1663]	1663	1663	37
[1721]	1721	1721	37
1874	1874	1874	36
[1818]	1818	1818	36
1844.	1844	1844	36
[1822]	1822	1822	36
1869	1869	1869	36
1779.	1779	1779	36
1765.	1765	1765	36
1887	1887	1887	35
1806.	1806	1806	35
[1817]	1817	1817	35
[1723]	1723	1723	35
[1657]	1657	1657	35
1804.	1804	1804	34
1910-1910.	1910	1910	34
[1713]	1713	1713	34
1912-1912.	1912	1912	33
[1670]	1670	1670	33
1878	1878	1878	32
1901-1905.	1901	1905	32
1807.	1807	1807	32
1915-1915.	1915	1915	32
1795.	1795	1795	32
1799.	1799	1799	32
1867	1867	1867	31
1845.	1845	1845	31
1908-1909.	1908	1909	31
1883	1883	1883	31
[1825]	1825	1825	31
1909-1910.	1909	1910	31
[1666]	1666	1666	31
[1725]	1725	1725	31
1844	1844	1844	30
1802.	1802	1802	30
1645.	1645	1645	30
[1717]	1717	1717	30
1865	1865	1865	29
1858	1858	1858	29
1911-1913.	1911	1913	29
1913-1913.	1913	1913	29
1911-1912.	1911	1912	29
1787.	1787	1787	29
1768.	1768	1768	29
[1757].	1757	1757	29
1780.	1780	1780	29
[1659]	1659	1659	29
1801.	1801	1801	28
1861	1861	1861	28
[1824]	1824	1824	28
1879	1879	1879	28
1846.	1846	1846	28
1872	1872	1872	28
[1904]	1904	1904	28
1913-1915.	1913	1915	28
[1658]	1658	1658	28
1791.	1791	1791	28
1781.	1781	1781	28
1840.	1840	1840	27
1899-1900.	1899	1900	27
1776.	1776	1776	27
[1714]	1714	1714	27
1868	1868	1868	26
1871	1871	1871	26
[1812]	1812	1812	26
[190?]	190	190	26
1875	1875	1875	26
[1811]	1811	1811	26
1907-1907.	1907	1907	26
1906-1908.	1906	1908	26
1916-1916.	1916	1916	26
1784.	1784	1784	26
[1653]	1653	1653	26
1870	1870	1870	25
1888	1888	1888	25
[18??]	NA	NA	25
1901-1901.	1901	1901	25
1832.	1832	1832	24
[1816]	1816	1816	24
1915-1917.	1915	1917	24
1908-1910.	1908	1910	24
1906-1907.	1906	1907	24
1912-1914.	1912	1914	24
1909-1909.	1909	1909	24
1911-1915.	1911	1915	24
1793.	1793	1793	24
1777.	1777	1777	24
1831.	1831	1831	23
1864	1864	1864	23
1842.	1842	1842	23
1901-1902.	1901	1902	23
1912-1915.	1912	1915	23
1914-1914.	1914	1914	23
1794.	1794	1794	23
[1649]	1649	1649	23
1651.	1651	1651	23
wuonna 1757.	1757	1757	23
1852	1852	1852	22
[1872]	1872	1872	22
1907-1908.	1907	1908	22
1905-1905.	1905	1905	22
1742.	1742	1742	22
1643.	1643	1643	22
[1719]	1719	1719	22
1786.	1786	1786	22
1775.	1775	1775	22
1774.	1774	1774	22
1863	1863	1863	21
1834.	1834	1834	21
1836.	1836	1836	21
[1820]	1820	1820	21
1644.	1644	1644	21
[1650]	1650	1650	21
1726.	1726	1726	21
1797.	1797	1797	21
1782.	1782	1782	21
1783.	1783	1783	21
wuonna 1775.	1775	1775	21
[1727]	1727	1727	21
[1902]	1902	1902	20
1866	1866	1866	20
1915-1916.	1915	1916	20
1843.	1843	1843	20
1889-1890.	1889	1890	20
anno 1652.	1652	1652	20
wuonna 1756.	1756	1756	20
1761.	1761	1761	20
[1718]	1718	1718	20
1841.	1841	1841	19
1835.	1835	1835	19
1818.	1818	1818	19
1914-1916.	1914	1916	19
[1903]	1903	1903	19
1911-1911.	1911	1911	19
1743.	1743	1743	19
1785.	1785	1785	19
1762.	1762	1762	19
1796.	1796	1796	19
[1722]	1722	1722	19
1859	1859	1859	18
1828.	1828	1828	18
1916-1917.	1916	1917	18
1839.	1839	1839	18
1837.	1837	1837	18
1897-1899.	1897	1899	18
1767.	1767	1767	18
1757.	1757	1757	18
[1716]	1716	1716	18
1851	1851	1851	17
[1835]	1835	1835	17
1899-1899.	1899	1899	17
1898-1899.	1898	1899	17
1773.	1773	1773	17
1741.	1741	1741	17
1826.	1826	1826	16
1821.	1821	1821	16
1860	1860	1860	16
1815.	1815	1815	16
1850	1850	1850	16
1829.	1829	1829	16
1853	1853	1853	16
1911-1914.	1911	1914	16
[1901]	1901	1901	16
[184?]	184	184	16
[1813]	1813	1813	16
1898[-1899]	1898	1899	16
1909-1915.	1909	1915	16
1913-1914.	1913	1914	16
1654.	1654	1654	16
1648.	1648	1648	16
anno 1650.	1650	1650	16
[1830]	1830	1830	15
1838.	1838	1838	15
1841	1841	1841	15
1857	1857	1857	15
1862	1862	1862	15
1907-1909.	1907	1909	15
1901-1903.	1901	1903	15
[1814]	1814	1814	15
1906-1914.	1906	1914	15
1906-1910.	1906	1910	15
[1720]	1720	1720	15
1829	1829	1829	14
1810.	1810	1810	14
[1839]	1839	1839	14
1910-1913.	1910	1913	14
[1912?]	1912	1912	14
1830.	1830	1830	14
1910-1914.	1910	1914	14
1902-1903.	1902	1903	14
1904-1905.	1904	1905	14
1890-1890.	1890	1890	14
1909-1914.	1909	1914	14
1911-14.	1911	14	14
1653.	1653	1653	14
1754.	1754	1754	14
1738.	1738	1738	14
wuonna 1776.	1776	1776	14
1752.	1752	1752	14
wuonna 1778.	1778	1778	14
1842	1842	1842	13
1845	1845	1845	13
1854	1854	1854	13
[1905]	1905	1905	13
1896-1897.	1896	1897	13
1895-1895.	1895	1895	13
1900-1900.	1900	1900	13
1905-1907.	1905	1907	13
1737.	1737	1737	13
[1646]	1646	1646	13
[1644]	1644	1644	13
åhr 1681.	1681	1681	13
[1715]	1715	1715	13
[1652]	1652	1652	13
anno 1670.	1670	1670	13
1732.	1732	1732	13
1843	1843	1843	12
[1832]	1832	1832	12
1846	1846	1846	12
1910-1911.	1910	1911	12
1833.	1833	1833	12
[1876].	1876	1876	12
1912-1917.	1912	1917	12
1900-1901.	1900	1901	12
1903-1905.	1903	1905	12
1886-1887.	1886	1887	12
1905-1906.	1905	1906	12
1910-1915.	1910	1915	12
1907-1910.	1907	1910	12
1747.	1747	1747	12
1751.	1751	1751	12
1753.	1753	1753	12
prändätty wuonna 1770.	1770	1770	12
1756.	1756	1756	12
anno 1643.	1643	1643	12
anno 1664.	1664	1664	12
åhr 1679.	1679	1679	12
wuonna 1779.	1779	1779	12
1733.	1733	1733	12
[1915?]	1915	1915	11
[1834]	1834	1834	11
[1838]	1838	1838	11
1819	1819	1819	11
1839	1839	1839	11
[1837]	1837	1837	11
[1891]	1891	1891	11
1817.	1817	1817	11
1817	1817	1817	11
1902-1904.	1902	1904	11
1811.	1811	1811	11
1910-1917.	1910	1917	11
1820.	1820	1820	11
1826	1826	1826	11
1903-1904.	1903	1904	11
1887-1889.	1887	1889	11
1891-1892.	1891	1892	11
1906-1911.	1906	1911	11
1904-1904.	1904	1904	11
1887-1887.	1887	1887	11
[1896-1900]	1896	1900	11
1888-1888.	1888	1888	11
1897-1900.	1897	1900	11
1908-1914.	1908	1914	11
1908-1915.	1908	1915	11
[1897]-1898.	1897	1898	11
1910-1912.	1910	1912	11
1894-95.	1894	95	11
1749.	1749	1749	11
[1648]	1648	1648	11
1840	1840	1840	10
1824.	1824	1824	10
1848	1848	1848	10
1856	1856	1856	10
[1833]	1833	1833	10
[1828]	1828	1828	10
1896-1898.	1896	1898	10
[191?]	191	191	10
1909-1912.	1909	1912	10
1822.	1822	1822	10
1893-1895.	1893	1895	10
1886-1890.	1886	1890	10
1892-1895.	1892	1895	10
1881-1884.	1881	1884	10
1891-1891.	1891	1891	10
1906-1909.	1906	1909	10
1912-1916.	1912	1916	10
1909-1913.	1909	1913	10
1748.	1748	1748	10
[1645]	1645	1645	10
1649.	1649	1649	10
1731.	1731	1731	10
[1633]	1633	1633	10
åhr 1680.	1680	1680	10
åhr 1673.	1673	1673	10
1750.	1750	1750	10
1758.	1758	1758	10
[1643]	1643	1643	10
wuonna 1755.	1755	1755	10
1819.	1819	1819	9
[1836]	1836	1836	9
[1829]	1829	1829	9
1834	1834	1834	9
[1897]	1897	1897	9
1825.	1825	1825	9
1833	1833	1833	9
1855	1855	1855	9
1838	1838	1838	9
1816	1816	1816	9
1895-1896.	1895	1896	9
[1888]	1888	1888	9
[1899]	1899	1899	9
1909-1911.	1909	1911	9
1827.	1827	1827	9
1823.	1823	1823	9
1902-1902.	1902	1902	9
wuonna 1802.	1802	1802	9
1897-1898.	1897	1898	9
1903-1903.	1903	1903	9
1894-1896.	1894	1896	9
1907-1913.	1907	1913	9
1906-1915.	1906	1915	9
1904-1906.	1904	1906	9
1914-1917.	1914	1917	9
1906-1917.	1906	1917	9
1763.	1763	1763	9
åhr 1676.	1676	1676	9
åhr 1675.	1675	1675	9
wuonna 1787.	1787	1787	9
[1776--1804]	1776	1804	9
wuonna 1781.	1781	1781	9
wuonna 1799.	1799	1799	9
1764.	1764	1764	9
åhr 1689.	1689	1689	9
wuonna 1794.	1794	1794	9
prändätty wuonna 1791.	1791	1791	9
1755.	1755	1755	9
[1620]	1620	1620	9
anno 1671.	1671	1671	9
anno 1642.	1642	1642	9
anno 1639.	1639	1639	9
anno 1675.	1675	1675	9
prändätty wuonna 1776.	1776	1776	9
1730.	1730	1730	9
1822	1822	1822	8
1832	1832	1832	8
[1850]	1850	1850	8
1847	1847	1847	8
1827	1827	1827	8
[19??-19??]	NA	NA	8
[1914?]	1914	1914	8
1813.	1813	1813	8
1907-1911.	1907	1911	8
1885-1887.	1885	1887	8
1901-1904.	1901	1904	8
1906-1912.	1906	1912	8
1889-1889.	1889	1889	8
1886-1886.	1886	1886	8
1893-1893.	1893	1893	8
1890-1891.	1890	1891	8
1902-1905.	1902	1905	8
1894-1895.	1894	1895	8
1908-1912.	1908	1912	8
1913-1917.	1913	1917	8
1898-99.	1898	99	8
[1907-1908]	1907	1908	8
1759.	1759	1759	8
wuonna 1765.	1765	1765	8
wuonna 1761.	1761	1761	8
prändätty wuonna 1792.	1792	1792	8
wuonna 1788.	1788	1788	8
år 1773.	1773	1773	8
1728.	1728	1728	8
anno 1631.	1631	1631	8
1729.	1729	1729	8
[1647]	1647	1647	8
åhr 1677.	1677	1677	8
anno 1669.	1669	1669	8
wuonna 1774.	1774	1774	8
[1890]	1890	1890	7
[1841]	1841	1841	7
1830	1830	1830	7
[1840]	1840	1840	7
1816.	1816	1816	7
[1913?]	1913	1913	7
[190-?]	NA	NA	7
1891-1893.	1891	1893	7
1887-1888.	1887	1888	7
1899-1905.	1899	1905	7
1896-1899.	1896	1899	7
1889-1891.	1889	1891	7
1899-1901.	1899	1901	7
[1907?]	1907	1907	7
[1889]	1889	1889	7
1908-1917.	1908	1917	7
1887-1890.	1887	1890	7
1890-1892.	1890	1892	7
1892-1893.	1892	1893	7
1883-1885.	1883	1885	7
1896-1900.	1896	1900	7
1892-1892.	1892	1892	7
1893-1894.	1893	1894	7
1894-1894.	1894	1894	7
1898-1898.	1898	1898	7
1909-1917.	1909	1917	7
anno 1690.	1690	1690	7
åhr 1684.	1684	1684	7
åhr 1678.	1678	1678	7
prändätty wuonna 1787.	1787	1787	7
wuonna 1769.	1769	1769	7
åhr 1669.	1669	1669	7
wuonna 1791.	1791	1791	7
anno 1647.	1647	1647	7
[1621]	1621	1621	7
[1640]	1640	1640	7
anno 1694.	1694	1694	7
anno 1611.	1611	1611	7
anno 1655.	1655	1655	7
anno 1674.	1674	1674	7
åhr 1670.	1670	1670	7
wuonna 1786.	1786	1786	7
1825?	1825	1825	6
1835	1835	1835	6
[1842]	1842	1842	6
[1843]	1843	1843	6
[1844]	1844	1844	6
[1900]	1900	1900	6
1900-1902.	1900	1902	6
[1855]	1855	1855	6
1849	1849	1849	6
1881-1882.	1881	1882	6
1900-1905.	1900	1905	6
[1910?]	1910	1910	6
[1909?]	1909	1909	6
[n. 1899]	1899	1899	6
[1906?]	1906	1906	6
1905-1915.	1905	1915	6
[1898]	1898	1898	6
1911-1916.	1911	1916	6
1886-1889.	1886	1889	6
prändätty wuonna 1801.	1801	1801	6
1856-1857.	1856	1857	6
1863-1864.	1863	1864	6
1896-1896.	1896	1896	6
1891-1895.	1891	1895	6
[1897-]1898.	1897	1898	6
[1899-]1900.	1899	1900	6
1891-1894.	1891	1894	6
1899[-1900]	1899	1900	6
[1893-]1894.	1893	1894	6
1907-1915.	1907	1915	6
1909-1916.	1909	1916	6
1908-1916.	1908	1916	6
1907-1917.	1907	1917	6
1916-17.	1916	17	6
1727.	1727	1727	6
a. 1650.	1650	1650	6
1682.	1682	1682	6
anno 1634.	1634	1634	6
1746.	1746	1746	6
anno 1662.	1662	1662	6
åhr 1666.	1666	1666	6
prändätty wuonna 1761.	1761	1761	6
prändätty wuonna 1746.	1746	1746	6
prändätty wuonna 1798.	1798	1798	6
prändätty wuonna 1740.	1740	1740	6
prändätty wuonna 1783.	1783	1783	6
anno 1683.	1683	1683	6
[1651]	1651	1651	6
[1614]	1614	1614	6
anno 1629.	1629	1629	6
1706.	1706	1706	6
anno 1688.	1688	1688	6
[1622]	1622	1622	6
[1632]	1632	1632	6
[1657?]	1657	1657	6
anno 1665.	1665	1665	6
åhr 1686.	1686	1686	6
1688.	1688	1688	6
anno 1654.	1654	1654	6
anno 1668.	1668	1668	6
1689.	1689	1689	6
åhr 1671.	1671	1671	6
wuonna 1793.	1793	1793	6
åhr 1717.	1717	1717	6
[1845]	1845	1845	5
[1847]	1847	1847	5
[1846]	1846	1846	5
[1892]	1892	1892	5
[1851]	1851	1851	5
[1848]	1848	1848	5
[1866]	1866	1866	5
[1864]	1864	1864	5
1847-1849.	1847	1849	5
1895-1901.	1895	1901	5
[19??]	NA	NA	5
1810	1810	1810	5
[1903].	1903	1903	5
[1912].	1912	1912	5
[1903?]	1903	1903	5
[1908?]	1908	1908	5
[1902?]	1902	1902	5
[1896]	1896	1896	5
[1886]	1886	1886	5
[1897?]	1897	1897	5
[1898?]	1898	1898	5
1913-1916.	1913	1916	5
[18?]	18	18	5
[1861]	1861	1861	5
1888-1889.	1888	1889	5
1877-1879.	1877	1879	5
1884-1885.	1884	1885	5
1862-1863.	1862	1863	5
1814.	1814	1814	5
1893-1900.	1893	1900	5
1897-1897.	1897	1897	5
1896-1905.	1896	1905	5
1888-1903.	1888	1903	5
wuonna 1803.	1803	1803	5
1905-1910.	1905	1910	5
[1892-]1893.	1892	1893	5
1908-1913.	1908	1913	5
1904-05.	1904	5	5
1908-1911.	1908	1911	5
1886-1908.	1886	1908	5
1898-1910.	1898	1910	5
1907-1914.	1907	1914	5
1896-97.	1896	97	5
anno 1666.	1666	1666	5
1739.	1739	1739	5
1684.	1684	1684	5
1745.	1745	1745	5
1760.	1760	1760	5
anno 1633.	1633	1633	5
åhr 1667.	1667	1667	5
prändätty wuonna 1769.	1769	1769	5
prändätty wuonna 1764.	1764	1764	5
åhr 1726.	1726	1726	5
1720.	1720	1720	5
wuonna 1777.	1777	1777	5
wuonna 1780.	1780	1780	5
år 1769.	1769	1769	5
wuonna 1792.	1792	1792	5
åhr 1728.	1728	1728	5
anno 1636.	1636	1636	5
anno 1630.	1630	1630	5
[1617]	1617	1617	5
anno 1641.	1641	1641	5
anno 1632.	1632	1632	5
1633.	1633	1633	5
1734.	1734	1734	5
åhr 1685.	1685	1685	5
åhr 1682.	1682	1682	5
[1655?]	1655	1655	5
1697.	1697	1697	5
1722.	1722	1722	5
[1656?]	1656	1656	5
anno 1679.	1679	1679	5
[1619]	1619	1619	5
[1609]	1609	1609	5
anno 1614.	1614	1614	5
anno 1644.	1644	1644	5
anno 1687.	1687	1687	5
anno 1672.	1672	1672	5
anno 1686.	1686	1686	5
anno 1695.	1695	1695	5
åhr 1688.	1688	1688	5
1740.	1740	1740	5
1736.	1736	1736	5
wuonna 1783.	1783	1783	5
wuonna 1766.	1766	1766	5
åhr 1729.	1729	1729	5
1718.	1718	1718	5
år 1770.	1770	1770	5
1823?	1823	1823	4
[1853]	1853	1853	4
[1893]	1893	1893	4
1886-1888.	1886	1888	4
1837	1837	1837	4
1836	1836	1836	4
[189-?]	NA	NA	4
[1900?]	1900	1900	4
1892-1905.	1892	1905	4
[1865]	1865	1865	4
[1882]	1882	1882	4
[n. 1800]	1800	1800	4
1903-1907.	1903	1907	4
1812.	1812	1812	4
1818	1818	1818	4
[1908].	1908	1908	4
1821	1821	1821	4
1900-1906.	1900	1906	4
[1911?]	1911	1911	4
1899-1907.	1899	1907	4
[1878?]	1878	1878	4
[1896?]	1896	1896	4
1901-1914.	1901	1914	4
[n. 1900?]	1900	1900	4
[1887]	1887	1887	4
1882-1910.	1882	1910	4
1855-1856.	1855	1856	4
1900-1904.	1900	1904	4
[1895]	1895	1895	4
1907-1912.	1907	1912	4
1891-1897.	1891	1897	4
1879-1880.	1879	1880	4
1872-1875.	1872	1875	4
1864-1865.	1864	1865	4
1881-1883.	1881	1883	4
1876-1877.	1876	1877	4
[1887-]1889.	1887	1889	4
wuonna 1807.	1807	1807	4
1888-1891.	1888	1891	4
1893-1896.	1893	1896	4
1895-1900.	1895	1900	4
1895-1897.	1895	1897	4
1891-1900.	1891	1900	4
1888-1895.	1888	1895	4
1886-1900.	1886	1900	4
1891-1905.	1891	1905	4
1903-1914.	1903	1914	4
1895-1898.	1895	1898	4
1898-1900.	1898	1900	4
wuonna 1801.	1801	1801	4
1896-1906.	1896	1906	4
[1892-]1894.	1892	1894	4
[1898]-1900.	1898	1900	4
1904-1907.	1904	1907	4
1881-1885.	1881	1885	4
1895-1902.	1895	1902	4
1880-1881.	1880	1881	4
1904-1909.	1904	1909	4
1885-1893.	1885	1893	4
1910-1916.	1910	1916	4
1907-1916.	1907	1916	4
1901[-1902]	1901	1902	4
1898-1901.	1898	1901	4
1902-1906.	1902	1906	4
1911-1917.	1911	1917	4
1906-1913.	1906	1913	4
1903-1911.	1903	1911	4
1906-1916.	1906	1916	4
1884-1887.	1884	1887	4
1905-1913.	1905	1913	4
1708.	1708	1708	4
[17--].	17	17	4
1719.	1719	1719	4
[16??]	NA	NA	4
a. 1651.	1651	1651	4
1678.	1678	1678	4
[17??].	NA	NA	4
prändätty wuonna 1794.	1794	1794	4
anno 1608.	1608	1608	4
1637.	1637	1637	4
tryckt åhr 1672.	1672	1672	4
prändätty wuonna 1797.	1797	1797	4
prändätty wuonna 1785.	1785	1785	4
prändätty wuonna 1788.	1788	1788	4
prändätty wuonna 1784.	1784	1784	4
wuonna 1745.	1745	1745	4
w. 1779.	1779	1779	4
prändätty wuonna 1766.	1766	1766	4
anno 1692.	1692	1692	4
prändätty 1787.	1787	1787	4
år 1774.	1774	1774	4
[1628]	1628	1628	4
1687.	1687	1687	4
[1615]	1615	1615	4
[1618]	1618	1618	4
år 1765.	1765	1765	4
prändätty wuonna 1753.	1753	1753	4
1725.	1725	1725	4
[1634]	1634	1634	4
[1690 tai myöh.]	1690	1690	4
1715.	1715	1715	4
[1638]	1638	1638	4
1694.	1694	1694	4
wuonna 1685.	1685	1685	4
wuonna 1681.	1681	1681	4
[1625]	1625	1625	4
anno 1628.	1628	1628	4
[1612]	1612	1612	4
1692.	1692	1692	4
1693.	1693	1693	4
anno 1673.	1673	1673	4
anno 1656.	1656	1656	4
1656.	1656	1656	4
åhr 1646.	1646	1646	4
anno 1684.	1684	1684	4
[1689-1693]	1689	1693	4
anno 1676.	1676	1676	4
anno 1685.	1685	1685	4
tryckt åhr 1679.	1679	1679	4
åhr 1692.	1692	1692	4
wuonna 1789.	1789	1789	4
wuonna 1782.	1782	1782	4
[1779--1786]	1779	1786	4
1724.	1724	1724	4
wuonna 1785.	1785	1785	4
wuonna 1784.	1784	1784	4
wuonna 1735.	1735	1735	4
wuonna 1767.	1767	1767	4
åhr 1760.	1760	1760	4
åhr 1738.	1738	1738	4
åhr 1720.	1720	1720	4
wuonna 1746.	1746	1746	4
wuonna 1732.	1732	1732	4
1824?	1824	1824	3
1831	1831	1831	3
1828-1832.	1828	1832	3
1829-1831.	1829	1831	3
[1885]	1885	1885	3
[1849]	1849	1849	3
1878-1902.	1878	1902	3
1815	1815	1815	3
[n. 1900]	1900	1900	3
[1916?]	1916	1916	3
1905-1914.	1905	1914	3
1892-1917.	1892	1917	3
1902-1912.	1902	1912	3
1883-1884.	1883	1884	3
[1868]	1868	1868	3
[1867]	1867	1867	3
1889-1915.	1889	1915	3
wuonna 1805.	1805	1805	3
[n. 1910]	1910	1910	3
[1856?]	1856	1856	3
1824	1824	1824	3
[1906].	1906	1906	3
[1904?]	1904	1904	3
1896-1915.	1896	1915	3
[1917?]	1917	1917	3
[1885?]	1885	1885	3
[1901?]	1901	1901	3
[1877?]	1877	1877	3
1900-1903.	1900	1903	3
1825	1825	1825	3
1856-1857	1856	1857	3
1884-1886.	1884	1886	3
1860-1862.	1860	1862	3
1901-1906.	1901	1906	3
1821-1821.	1821	1821	3
1882-1887.	1882	1887	3
[1881]	1881	1881	3
1903-1912.	1903	1912	3
[1879]	1879	1879	3
[1876?]	1876	1876	3
[1877]	1877	1877	3
[1894]	1894	1894	3
prändätty wuonna 1807.	1807	1807	3
1879-1883.	1879	1883	3
1882-1883.	1882	1883	3
1875-1877.	1875	1877	3
1899-1906.	1899	1906	3
[1898-]1899.	1898	1899	3
1894-1900.	1894	1900	3
1886-1906.	1886	1906	3
1897[-1898]	1897	1898	3
1895[-1896]	1895	1896	3
1898-1912.	1898	1912	3
1893-1897.	1893	1897	3
1892-1894.	1892	1894	3
1885-1900.	1885	1900	3
1886-1895.	1886	1895	3
1888-1890.	1888	1890	3
1886-1905.	1886	1905	3
1893-1904.	1893	1904	3
1899-1904.	1899	1904	3
1888-1905.	1888	1905	3
1898-1902.	1898	1902	3
1898-1903.	1898	1903	3
1894-1917.	1894	1917	3
1894-1897.	1894	1897	3
s.a.	NA	NA	3
1898-1907.	1898	1907	3
1904-1912.	1904	1912	3
[år 1806]	1806	1806	3
1894-1915.	1894	1915	3
1902-1914.	1902	1914	3
[1898]-1899.	1898	1899	3
1902-03.	1902	3	3
1896-1911.	1896	1911	3
1897-1915.	1897	1915	3
1904[-1905]	1904	1905	3
1885-1885.	1885	1885	3
1885-1886.	1885	1886	3
1896-1910.	1896	1910	3
1886-1897.	1886	1897	3
1903-1916.	1903	1916	3
1898-1904.	1898	1904	3
1893-1903.	1893	1903	3
1897-1916.	1897	1916	3
1892-1906.	1892	1906	3
1901-1910.	1901	1910	3
1900-1907.	1900	1907	3
1903-1908.	1903	1908	3
1898-1906.	1898	1906	3
1903-1909.	1903	1909	3
1889-1912.	1889	1912	3
1904-1914.	1904	1914	3
1902-1909.	1902	1909	3
1897-98.	1897	98	3
1893-1915.	1893	1915	3
1879-1881.	1879	1881	3
[-1913]	NA	1913	3
1884-1892.	1884	1892	3
1888-1901.	1888	1901	3
[173-?]	NA	NA	3
[171-?].	NA	NA	3
[n. 1700]	1700	1700	3
år 1751.	1751	1751	3
anno. 1652.	1652	1652	3
[n. 1680]	1680	1680	3
1701.	1701	1701	3
1674.	1674	1674	3
1744.	1744	1744	3
1710.	1710	1710	3
wuonna 1739.	1739	1739	3
avecq privilege pour vingt ans. 1666.	1666	1666	3
wuonna 1772.	1772	1772	3
anno 1681.	1681	1681	3
1658.	1658	1658	3
Prändätty tänä wuonna [1764]	1764	1764	3
wuonna 1762.	1762	1762	3
prändätty wuonna 1771.	1771	1771	3
[1779--1785]	1779	1785	3
prändätty wuonna 1748.	1748	1748	3
wuonna 1747.	1747	1747	3
prändätty wuonna 1779.	1779	1779	3
prändätty wuonna 1738.	1738	1738	3
prändätty wuonna 1786.	1786	1786	3
prändätty wuonna 1767.	1767	1767	3
prändätty wuonna 1741.	1741	1741	3
[1641]	1641	1641	3
[1596]	1596	1596	3
prändätty wuonna 1774.	1774	1774	3
wuonna 1800.	1800	1800	3
prändätty wuonna 1800.	1800	1800	3
prändätty wuonna 1778.	1778	1778	3
åhr 1674.	1674	1674	3
år 1800.	1800	1800	3
prändätty wuonna 1768.	1768	1768	3
anno 1732.	1732	1732	3
år 1771.	1771	1771	3
1634.	1634	1634	3
1657.	1657	1657	3
[1605]	1605	1605	3
1620.	1620	1620	3
anno 1637.	1637	1637	3
[1635]	1635	1635	3
[1631]	1631	1631	3
[1642]	1642	1642	3
anno 1640.	1640	1640	3
wuonna 1667.	1667	1667	3
wuonna 1666.	1666	1666	3
åhr 1665.	1665	1665	3
[1597]	1597	1597	3
wuonna 1689.	1689	1689	3
wuonna 1687.	1687	1687	3
wuonna 1686.	1686	1686	3
prändätty wuonna 1673.	1673	1673	3
[1681?]	1681	1681	3
anno 1623.	1623	1623	3
1691.	1691	1691	3
1619.	1619	1619	3
1551.	1551	1551	3
anno 1700.	1700	1700	3
anno 1660.	1660	1660	3
anno Christi 1693.	1693	1693	3
anno 1638.	1638	1638	3
anno 1635.	1635	1635	3
[1655 tai aik.]	1655	1655	3
1683.	1683	1683	3
1690.	1690	1690	3
[1616]	1616	1616	3
anno 1610.	1610	1610	3
anno 1619.	1619	1619	3
[1639]	1639	1639	3
anno 1645.	1645	1645	3
anno 1661.	1661	1661	3
[1611]	1611	1611	3
1670.	1670	1670	3
prändätty wuonna, 1683.	1683	1683	3
1661.	1661	1661	3
anno 1627.	1627	1627	3
[1653?]	1653	1653	3
åhr 1623.	1623	1623	3
1696.	1696	1696	3
[1608?]	1608	1608	3
anno 1625.	1625	1625	3
åhr 1683.	1683	1683	3
anno 1613.	1613	1613	3
åhr 1643.	1643	1643	3
anno 1696.	1696	1696	3
1695.	1695	1695	3
anno 1698.	1698	1698	3
åhr 1690.	1690	1690	3
wuonna 1695.	1695	1695	3
åhr 1656.	1656	1656	3
år 1785.	1785	1785	3
prändätty wuonna 1777.	1777	1777	3
wuonna 1797.	1797	1797	3
1635.	1635	1635	3
åhr 1672.	1672	1672	3
[1675] Turku.	1675	1675	3
[1673] Turku.	1673	1673	3
anno 1592.	1592	1592	3
åhr efter Christi födelse 1684.	1684	1684	3
åhr 1722.	1722	1722	3
wuonna 1798.	1798	1798	3
1709.	1709	1709	3
åhr 1724.	1724	1724	3
wuonna 1754.	1754	1754	3
wuonna 1758.	1758	1758	3
åhr 1757.	1757	1757	3
åhr 1758.	1758	1758	3
åhr 1759.	1759	1759	3
åhr 1727.	1727	1727	3
år 1752.	1752	1752	3
a. 1704.	1704	1704	3
[1794--1800]	1794	1800	3
prändätty wuonna 1744.	1744	1744	3
prändätty 1735.	1735	1735	3
prändätty wuonna 1742.	1742	1742	3
prändätty wuonna 1702.	1702	1702	3
[178-?]	NA	NA	3
wuonna 1759.	1759	1759	3
[1731--1759]	1731	1759	3
wuonna 1741.	1741	1741	3
1822?	1822	1822	2
[1831]	1831	1831	2
1864[-1866]	1864	1866	2
1867-68.	1867	68	2
1818-1821.	1818	1821	2
555 s.	NA	NA	2
MDCCCXI [1811]	1811	1811	2
[1804].	1804	1804	2
[19-?]	NA	NA	2
prändätyt wuonna 1802.	1802	1802	2
1896-1908.	1896	1908	2
1902-1913.	1902	1913	2
[1876]	1876	1876	2
[1890?]	1890	1890	2
1905-1911.	1905	1911	2
1879-1887.	1879	1887	2
1897-1901.	1897	1901	2
1913-1914	1913	1914	2
1891-1896.	1891	1896	2
[1916?].	1916	1916	2
[n. 1820].	1820	1820	2
1892-1896.	1892	1896	2
[1840-]1843	1840	1843	2
[1889].	1889	1889	2
1849-1850.	1849	1850	2
[1807--1838]	1807	1838	2
1861-1862.	1861	1862	2
[1914]-1915.	1914	1915	2
1801-1802.	1801	1802	2
An XII. - 1804.	NA	1804	2
[1900].	1900	1900	2
1870-1873	1870	1873	2
1893-1911.	1893	1911	2
[s.a.].	NA	NA	2
[1915].	1915	1915	2
1820	1820	1820	2
[1907].	1907	1907	2
1905 .	1905	1905	2
[1886].	1886	1886	2
1811	1811	1811	2
1892-1897	1892	1897	2
1898-1916.	1898	1916	2
[1901?].	1901	1901	2
[1860]	1860	1860	2
[1871?]	1871	1871	2
[1887?]	1887	1887	2
[1901]-[1901?]	1901	1901	2
[1905?]	1905	1905	2
[1880?]	1880	1880	2
[1863]	1863	1863	2
1899-1903.	1899	1903	2
1896-1917.	1896	1917	2
1845-1847.	1845	1847	2
1881-1889.	1881	1889	2
[1857?]	1857	1857	2
[1858]	1858	1858	2
1890-1901.	1890	1901	2
1888-1912.	1888	1912	2
[1898-1898?]	NA	NA	2
1889-1892.	1889	1892	2
1870-1879.	1870	1879	2
[1870]	1870	1870	2
[1856]	1856	1856	2
1887-1897.	1887	1897	2
1888-1915.	1888	1915	2
1847-1848.	1847	1848	2
1839-1841.	1839	1841	2
[1859]	1859	1859	2
[19?]	19	19	2
1853-1854.	1853	1854	2
wastaudesta prändätty 1801.	1801	1801	2
prändätty wuonna 1802.	1802	1802	2
prändätty wuonna 1809.	1809	1809	2
1899-1916.	1899	1916	2
1874-1877.	1874	1877	2
1870-1871.	1870	1871	2
[ s. a. ]	NA	NA	2
[s. a.]	NA	NA	2
1851-1853.	1851	1853	2
1865-1867.	1865	1867	2
1865-1866.	1865	1866	2
1871-1872.	1871	1872	2
1872-1873.	1872	1873	2
1882-1885.	1882	1885	2
1880-1882.	1880	1882	2
1874-1875	1874	1875	2
1863-1866.	1863	1866	2
1841-1843.	1841	1843	2
1887[-1888]	1887	1888	2
1890[-1891]	1890	1891	2
1891-1899.	1891	1899	2
1897[-1899]	1897	1899	2
[1896-]1897.	1896	1897	2
[1898-]1900.	1898	1900	2
1896[-1897]	1896	1897	2
1891-1903.	1891	1903	2
1895[-1899]	1895	1899	2
1886-1893.	1886	1893	2
1892-1900.	1892	1900	2
1888-1900.	1888	1900	2
1885-1895.	1885	1895	2
1886-1894.	1886	1894	2
1889-1894.	1889	1894	2
1887-1892.	1887	1892	2
1886-1891.	1886	1891	2
[1896-]1899.	1896	1899	2
[1896-]1898.	1896	1898	2
1889-1895.	1889	1895	2
1898-1905.	1898	1905	2
1893-1910.	1893	1910	2
1903-1906.	1903	1906	2
1896-1902.	1896	1902	2
1894-1905.	1894	1905	2
1866-1900.	1866	1900	2
1888-1904.	1888	1904	2
1896-1904.	1896	1904	2
1894-1898.	1894	1898	2
1871-1903.	1871	1903	2
1900-1917.	1900	1917	2
1897-1908.	1897	1908	2
1897-1905.	1897	1905	2
1894-1901.	1894	1901	2
1898-[1899]	1898	1899	2
[1810?]	1810	1810	2
prändättyt wuonna 1801.	1801	1801	2
wuonna 1808.	1808	1808	2
[1801--1802]	1801	1802	2
1891-1908.	1891	1908	2
1896-1907.	1896	1907	2
1888-1910.	1888	1910	2
1893[-1894]	1893	1894	2
[1894-]1895.	1894	1895	2
1890-1912.	1890	1912	2
1889-1911.	1889	1911	2
1897-1912.	1897	1912	2
wuonna 1806.	1806	1806	2
[180-?]	NA	NA	2
[1899]-1900.	1899	1900	2
[1902-]1903.	1902	1903	2
1899-[1900]	1899	1900	2
1900-1912.	1900	1912	2
[1909]-1915.	1909	1915	2
1888-1914.	1888	1914	2
1878-1879.	1878	1879	2
1883-1883.	1883	1883	2
1906-[1913]	1906	1913	2
1882-1894.	1882	1894	2
1885-1905.	1885	1905	2
1892-1899.	1892	1899	2
1897-1906.	1897	1906	2
1896-1914.	1896	1914	2
1891-1914.	1891	1914	2
1899-1914.	1899	1914	2
1893-1906.	1893	1906	2
1904-1910.	1904	1910	2
1901-1917.	1901	1917	2
1897-1904.	1897	1904	2
[1906-1906]	1906	1906	2
1899-1910.	1899	1910	2
1894-1914.	1894	1914	2
1899-1909.	1899	1909	2
1902-1903	1902	1903	2
1893-1916.	1893	1916	2
1905-1908.	1905	1908	2
1900-1909.	1900	1909	2
1903-1913.	1903	1913	2
1907[-1908]	1907	1908	2
[s.a]	NA	NA	2
[1909]-1910.	1909	1910	2
1894-1902.	1894	1902	2
1888-1916.	1888	1916	2
1907-[1908]	1907	1908	2
[1911].	1911	1911	2
1906-[27]	1906	27	2
1894-1899.	1894	1899	2
1904-1913.	1904	1913	2
1876-1876.	1876	1876	2
[1907-]	1907	1907	2
[1870-1886]	1870	1886	2
[1916-1917]	1916	1917	2
[1917-1918]	1917	1918	2
[-1911]	NA	1911	2
[1911-1912]	1911	1912	2
1889-1901.	1889	1901	2
1882-1901.	1882	1901	2
1901-1909.	1901	1909	2
1878-1881.	1878	1881	2
1877-1882.	1877	1882	2
1863-1865.	1863	1865	2
1866-1867.	1866	1867	2
1881-1914.	1881	1914	2
1844-1855.	1844	1855	2
1859-1860.	1859	1860	2
1846-1846.	1846	1846	2
1880-1898.	1880	1898	2
1889-1899.	1889	1899	2
1860-1861.	1860	1861	2
1896-1909.	1896	1909	2
1882-1884.	1882	1884	2
1903-1917.	1903	1917	2
1857-1859.	1857	1859	2
1864-1866.	1864	1866	2
1836-1838.	1836	1838	2
1845-1848.	1845	1848	2
1892-1916.	1892	1916	2
1895-1899.	1895	1899	2
[1747].	1747	1747	2
[17--]	17	17	2
[vuosien 1731 ja 1756 välillä]	1731	1731	2
[ca. 1730].	1730	1730	2
[1645].	1645	1645	2
[17??]	NA	NA	2
[n. 1720]	1720	1720	2
[1660?].	1660	1660	2
an. 1652.	1652	1652	2
an, 1647.	1647	1647	2
[n. 1750?]	1750	1750	2
[179-?]	NA	NA	2
1628.	1628	1628	2
[1772] Turku.	1772	1772	2
1704.	1704	1704	2
im Jahr 1675.	1675	1675	2
1673.	1673	1673	2
1680.	1680	1680	2
år 1789.	1789	1789	2
[164?]	164	164	2
[174-?]	NA	NA	2
1666.	1666	1666	2
[1741?]	1741	1741	2
1655.	1655	1655	2
[1543]	1543	1543	2
anno 1616.	1616	1616	2
an. 1675.	1675	1675	2
wuona 1737.	1737	1737	2
Präntätty tänä wuonna [1764]	1764	1764	2
prändätty wuonna 1760.	1760	1760	2
prändätty wuonna 1796.	1796	1796	2
prändätty wuonna 1780.	1780	1780	2
prändätty wuonna 1749.	1749	1749	2
prändätty wuonna 1750.	1750	1750	2
wuonna 1709.	1709	1709	2
w. 1787.	1787	1787	2
[wuonna 1787]	1787	1787	2
1707.	1707	1707	2
w. 1749.	1749	1749	2
wuonna 1705.	1705	1705	2
wuonna 1708.	1708	1708	2
1721.	1721	1721	2
[1728 ... 1737]	NA	NA	2
prändätty wuonna 1734.	1734	1734	2
prändätty 1785.	1785	1785	2
prändätty wuonna 1789.	1789	1789	2
[1787--1804]	1787	1804	2
år 1745.	1745	1745	2
1735.	1735	1735	2
[år 1765]	1765	1765	2
åhr 1731.	1731	1731	2
1714.	1714	1714	2
An. 1769.	1769	1769	2
1616.	1616	1616	2
1638.	1638	1638	2
[1624]	1624	1624	2
1632.	1632	1632	2
1604.	1604	1604	2
anno 1584.	1584	1584	2
[anno 1614]	1614	1614	2
anno 1622.	1622	1622	2
[anno 1642]	1642	1642	2
1641.	1641	1641	2
1621.	1621	1621	2
anno 1562.	1562	1562	2
[1562]	1562	1562	2
åhr 1713.	1713	1713	2
åhr 1641.	1641	1641	2
1669.	1669	1669	2
wuonna 1670.	1670	1670	2
wuonna 1669.	1669	1669	2
wuona 1684.	1684	1684	2
wuonna, 1667.	1667	1667	2
wuonna 1680.	1680	1680	2
wuona 1666.	1666	1666	2
anno 1663.	1663	1663	2
[1593]	1593	1593	2
[1591]	1591	1591	2
wuonna 1674.	1674	1674	2
[1688-1693]	1688	1693	2
[1683?]	1683	1683	2
[1677?]	1677	1677	2
åhr 1620.	1620	1620	2
anno 1702.	1702	1702	2
anno 1703.	1703	1703	2
prändätty wuonna. 1702.	1702	1702	2
wuonna 1700.	1700	1700	2
anno M.DCC. [1700]	1700	1700	2
[1687-1700]	1687	1700	2
åhr 1640.	1640	1640	2
[1678-1690]	1678	1690	2
anno 1607.	1607	1607	2
anno 1603.	1603	1603	2
anno 1689.	1689	1689	2
anno 1680.	1680	1680	2
[1646-1647]	1646	1647	2
anno 1615.	1615	1615	2
anno 1606.	1606	1606	2
anno 1605.	1605	1605	2
[1652?]	1652	1652	2
anno ae. c. 1653.	1653	1653	2
anno 1646.	1646	1646	2
[1595]	1595	1595	2
1603.	1603	1603	2
1686.	1686	1686	2
åhr 1632.	1632	1632	2
anno 1691.	1691	1691	2
prändätty wuona 1689.	1689	1689	2
wuonna 1683.	1683	1683	2
a. 1686.	1686	1686	2
anno 1626.	1626	1626	2
anno 1682.	1682	1682	2
wuonna 1691.	1691	1691	2
anni 1653.	1653	1653	2
[1664?]	1664	1664	2
[1680?]	1680	1680	2
anno 1693.	1693	1693	2
[1694?]	1694	1694	2
1677.	1677	1677	2
åhr 1661.	1661	1661	2
[1649?]	1649	1649	2
anno 1657.	1657	1657	2
[1669-1679]	1669	1679	2
anno 1699.	1699	1699	2
[1690?]	1690	1690	2
1671.	1671	1671	2
anno 1678.	1678	1678	2
[aikaisintaan vuonna 1663]	1663	1663	2
[n. 1690]	1690	1690	2
tryckt åhr 1698.	1698	1698	2
tryckt åhr 1690.	1690	1690	2
åhr 1647.	1647	1647	2
wuona 1687.	1687	1687	2
[1685--1701]	1685	1701	2
1631.	1631	1631	2
åhr 1691.	1691	1691	2
anno 1612.	1612	1612	2
1685.	1685	1685	2
åhr 1660.	1660	1660	2
anno 1653.	1653	1653	2
1776--1804.	1776	1804	2
prändätty 1784.	1784	1784	2
[wuonna 1774]	1774	1774	2
[1790-luvulla]	NA	NA	2
a. 1798.	1798	1798	2
åhr 1714.	1714	1714	2
anno 1707.	1707	1707	2
[1583]	1583	1583	2
åhr 1668.	1668	1668	2
1660.	1660	1660	2
åhr 1652.	1652	1652	2
[1674] Turku.	1674	1674	2
[1670] Turku.	1670	1670	2
[1669] Turku.	1669	1669	2
tryckt åhr 1668.	1668	1668	2
åhr, 1692.	1692	1692	2
åhr 1696.	1696	1696	2
åhr 1708.	1708	1708	2
trykkt åhr Christi 1694.	1694	1694	2
a. 1692.	1692	1692	2
anno 1601.	1601	1601	2
år 1782.	1782	1782	2
tryckt åhr 1687.	1687	1687	2
åhr effter Christi födelse 1686.	1686	1686	2
åhr Christi 1684.	1684	1684	2
åhr cffter [sic] Christi födelse 1686.	1686	1686	2
åhr efter Christi födelse 1680.	1680	1680	2
tryckt åhr 1680.	1680	1680	2
im Iahr 1679.	1679	1679	2
1679.	1679	1679	2
tryckt åhr 1692.	1692	1692	2
[ca 1690]	1690	1690	2
åhr 1751.	1751	1751	2
anno 1728.	1728	1728	2
wuona 1736.	1736	1736	2
år 1784.	1784	1784	2
wuonna 1763.	1763	1763	2
[wuonna 1800]	1800	1800	2
wuonna 1773.	1773	1773	2
wuona 1722.	1722	1722	2
år 1775.	1775	1775	2
åhr 1735.	1735	1735	2
1717.	1717	1717	2
wuonna 1706.	1706	1706	2
åhr 1702.	1702	1702	2
wuonna 1768.	1768	1768	2
prändätty wuona. 1739.	1739	1739	2
wuonna 1738.	1738	1738	2
[w. 1735]	1735	1735	2
[ennen vuotta 1735]	1735	1735	2
prändätty 1734.	1734	1734	2
prändätyt wuonna 1793.	1793	1793	2
prändätty wuonna 1706.	1706	1706	2
prändätty wuonna 1701.	1701	1701	2
år 1787.	1787	1787	2
w. 1798.	1798	1798	2
wuonna 1749.	1749	1749	2
w. 1777.	1777	1777	2
wuonna 1796.	1796	1796	2
wuonna 1795.	1795	1795	2
w. 1764.	1764	1764	2
wuonna 1764.	1764	1764	2
wuonna 1790.	1790	1790	2
wuonna 1750.	1750	1750	2
wuonna 1744.	1744	1744	2
[wuonna 1772]	1772	1772	2
[175-?]	NA	NA	2
wuonna 1752.	1752	1752	2
w. 1778.	1778	1778	2
1826-1832.	1826	1832	1
1823-1825.	1823	1825	1
1816-1822.	1816	1822	1
revidiert im August 1804.	1804	1804	1
1882-1923.	1882	1923	1
1873-1882.	1873	1882	1
MDCCCXI [1811, po. 1813]	NA	NA	1
MDCCCXIII [1813]	1813	1813	1
[1868].	1868	1868	1
[1955?]-[19--?]	1955	19	1
[1900?]-[190-?]	1900	190	1
[1889?]-[190-?]	1889	190	1
[1830?]	1830	1830	1
[1857]	1857	1857	1
1850-1869.	1850	1869	1
1836-1882.	1836	1882	1
1799-1866.	1799	1866	1
1828-1874.	1828	1874	1
1823-1872.	1823	1872	1
1849-1868.	1849	1868	1
1841-1871.	1841	1871	1
1813-1898.	1813	1898	1
1807-1866.	1807	1866	1
1819-1882.	1819	1882	1
[191-?]	NA	NA	1
[19--?]-[19--?]	NA	NA	1
[1914?]-[1916?]	1914	1916	1
[1913]-19??	1913	1913	1
[18??-19??]	NA	NA	1
1916-[19--?].	1916	1916	1
1892-????	1892	1892	1
1907-19??	1907	1907	1
1889-1902.	1889	1902	1
1859-1861.	1859	1861	1
1904-1908.	1904	1908	1
1884-1888.	1884	1888	1
1914-1917	1914	1917	1
1910-1913	1910	1913	1
1904-1909	1904	1909	1
[18--?]-[19--?]	NA	NA	1
[1915?]-[1916?]	1915	1916	1
[1864-1873]	1864	1873	1
1915-1917	1915	1917	1
1913-[1915?]	1913	1915	1
1892-1913.	1892	1913	1
[1908] (painettu osakeyhtiö F. Tilgmannilla)	1908	1908	1
1905 (Aktiebolaget F. Tilgmann)	1905	1905	1
19??-19??	NA	NA	1
1916;P. A. Norstedt & Söner)	1916	1916	1
1915-[19??].	1915	1915	1
[1883]-1888?	1883	1888	1
[1877-1887]	1877	1887	1
[19--?]-1913?	NA	NA	1
[n. 1860?].	1860	1860	1
[1827].	1827	1827	1
[1835].	1835	1835	1
[n. 1900?].	1900	1900	1
[1894]-1897.	1894	1897	1
[191?].	191	191	1
1909-[1910?]	1909	1910	1
[1832?]	1832	1832	1
1889?.	1889	1889	1
1899 (Helsingfors	1899	1899	1
[n.1850].	1850	1850	1
[1890-1910]	1890	1910	1
[1950?]-19??	1950	1950	1
1891?	1891	1891	1
1832-1834.	1832	1834	1
1804[-1806].	1804	1806	1
1802	1802	1802	1
[1865].	1865	1865	1
[1913].	1913	1913	1
[1877].	1877	1877	1
1887-1906.	1887	1906	1
1823	1823	1823	1
1843-1857	1843	1857	1
1879-1903.	1879	1903	1
[1905].	1905	1905	1
[1899?].	1899	1899	1
1881-1882	1881	1882	1
1834-1836.	1834	1836	1
[n. 1870?].	1870	1870	1
1915 .	1915	1915	1
[1914?].	1914	1914	1
[n.1910]	1910	1910	1
[1896].	1896	1896	1
[185?].	185	185	1
[n. 1860].	1860	1860	1
[182?].	182	182	1
[1898].	1898	1898	1
[1902].	1902	1902	1
[184?].	184	184	1
[1854?].	1854	1854	1
[1837-1843]	1837	1843	1
1905.;1905 .	1905	1905	1
[1910].	1910	1910	1
[1904].	1904	1904	1
[1901].	1901	1901	1
[1881].	1881	1881	1
[1887].	1887	1887	1
[1884].	1884	1884	1
[1880].	1880	1880	1
1904 .	1904	1904	1
1911.;1911.	1911	1911	1
1887-1895.	1887	1895	1
1896-[19--].	1896	19	1
[1896?]-[19--?].	1896	19	1
[18--?]-[19--?].	NA	NA	1
1894-1898	1894	1898	1
1881-1883	1881	1883	1
[1917];[1917]	1917	1917	1
[1817];Zeipel & Palmblad)	1817	1817	1
[18??].	NA	NA	1
[1828].	1828	1828	1
1912-[1914?].	1912	1914	1
1839-1840	1839	1840	1
[1909].	1909	1909	1
1812	1812	1812	1
1916[-1917]	1916	1917	1
[1864].	1864	1864	1
[1859].	1859	1859	1
1885-1917]	1885	1885	1
1905?]	1905	1905	1
[19??].	NA	NA	1
[1912?].	1912	1912	1
[1891?].	1891	1891	1
[1899].	1899	1899	1
1857-1861.	1857	1861	1
1903[-1905]	1903	1905	1
1913[-1916]	1913	1916	1
1910[-1911]	1910	1911	1
1908-[1909]	1908	1909	1
1905[-1907]	1905	1907	1
1873-1875.	1873	1875	1
1867-1880.	1867	1880	1
1836-1857.	1836	1857	1
[1885-1888]	1885	1888	1
[1867?]	1867	1867	1
[1878]	1878	1878	1
cop. 1903	1903	1903	1
[1899]-[1899]	1899	1899	1
prändätyt tänä wuodena.	NA	NA	1
prändätty wuonna. 1819.	1819	1819	1
wuona 1818.	1818	1818	1
[1874?]	1874	1874	1
[1881?]	1881	1881	1
[s.n.],;[1908]	NA	NA	1
[n. 1890]	1890	1890	1
1856-1861.	1856	1861	1
[1862?]	1862	1862	1
1828	1828	1828	1
[1880]	1880	1880	1
[185?]	185	185	1
1890-1911.	1890	1911	1
1894-1895	1894	1895	1
1849-1851.	1849	1851	1
1873-1906.	1873	1906	1
1844-	1844	1844	1
1817-1818.	1817	1818	1
1892-1909.	1892	1909	1
1876-1897.	1876	1897	1
1899-1900	1899	1900	1
[1911-1914]	1911	1914	1
[1898-1914]	1898	1914	1
1898-1909.	1898	1909	1
1896-[1904?]	1896	1904	1
[1902-1911]	1902	1911	1
[1911-1911?]	NA	NA	1
[1895-1895?]	NA	NA	1
[1910-1910?]	NA	NA	1
[1883-1883?]	NA	NA	1
[1906-1906?]	NA	NA	1
[1880-1880?]	NA	NA	1
[1903-1903?]	NA	NA	1
1908-1909	1908	1909	1
[1897-1898?].	NA	NA	1
[1881-1901]	1881	1901	1
1878-1888.	1878	1888	1
[1909-1910?]	NA	NA	1
[1880-1894?]	NA	NA	1
[1894-1900?]	NA	NA	1
1875-1876.	1875	1876	1
[1909-1909?]	NA	NA	1
[1910-1916?]	NA	NA	1
1879-[1879?]	1879	1879	1
1871-1876.	1871	1876	1
[1883-1884?]	NA	NA	1
1901-[1901?]	1901	1901	1
[1907-1913?]	NA	NA	1
[1898-1905?]	NA	NA	1
[1884-1900?]	NA	NA	1
[1883].	1883	1883	1
1863-1865	1863	1865	1
1866-1873.	1866	1873	1
[1893-1893?]	NA	NA	1
[1899?]	1899	1899	1
1840-1840.	1840	1840	1
[1898-1906?]	NA	NA	1
[cop. 1913]	1913	1913	1
[1883]	1883	1883	1
1845-1846.	1845	1846	1
1843-1914.	1843	1914	1
1869-1916.	1869	1916	1
1915-1925.	1915	1925	1
1896-[1896?]	1896	1896	1
1880-1890.	1880	1890	1
1881-1890.	1881	1890	1
1811-1845.	1811	1845	1
1862-1865	1862	1865	1
1846-1856.	1846	1856	1
[1873]	1873	1873	1
[1842-1852]	1842	1852	1
[188?]	188	188	1
1851-1859.	1851	1859	1
[182?]	182	182	1
[1886?]	1886	1886	1
[1852]	1852	1852	1
1855-1860.	1855	1860	1
[186?]	186	186	1
[1875]	1875	1875	1
[n. 1910?]	1910	1910	1
[n. 1917?]	1917	1917	1
1892-1895	1892	1895	1
1891-1892	1891	1892	1
1890-1891	1890	1891	1
8:o.	NA	NA	1
[n.1895]	1895	1895	1
1910-1944.	1910	1944	1
1846-1852.	1846	1852	1
1868-69.	1868	69	1
1866-1868.	1866	1868	1
1879-83.	1879	83	1
1855-1857.	1855	1857	1
painettu tänä wuonna [1845]	1845	1845	1
wastaudesta prändätty [1801--1809]	NA	1809	1
prändätty wuona 1801.	1801	1801	1
präntättyt wuonna 1801.	1801	1801	1
wastuudest prändätyt wuonna 1804.	1804	1804	1
prändätty wuonna 1805.	1805	1805	1
[1800--1809]	1800	1809	1
tryckätty tänä wuonna [1820-luku]	NA	NA	1
[1820-luku]	NA	NA	1
wastuudest prändätty wuona 1807.	1807	1807	1
1804-1808.	1804	1808	1
1888-1889	1888	1889	1
1868-1870.	1868	1870	1
1866 -1872.	NA	1872	1
[1858?]	1858	1858	1
1856-1858.	1856	1858	1
1885-1888	1885	1888	1
1864-1870.	1864	1870	1
1888[-1889]	1888	1889	1
[1867-]1869	1867	1869	1
1848-1850.	1848	1850	1
wuonna 1821.	1821	1821	1
1869-1870.	1869	1870	1
1872-1876.	1872	1876	1
1852-1853.	1852	1853	1
1874-1875.	1874	1875	1
1822-1831.	1822	1831	1
1859-1862.	1859	1862	1
1860-1877.	1860	1877	1
1866-1876.	1866	1876	1
1864-1874.	1864	1874	1
Edlund,;1870.	NA	NA	1
1893 [i.e. 1894]	1894	1894	1
1875-1877	1875	1877	1
1883-1893.	1883	1893	1
[1874-]1876.	1874	1876	1
1842-1846.	1842	1846	1
[1873-]1880	1873	1880	1
[1884]	1884	1884	1
1883[-1884]	1883	1884	1
wuona 1823.	1823	1823	1
[1884-]1885.	1884	1885	1
1833-1890.	1833	1890	1
[1884-1885]	1884	1885	1
1880-1885.	1880	1885	1
1870-1873.	1870	1873	1
1858-1872.	1858	1872	1
1880[-1883]	1880	1883	1
1870-1899.	1870	1899	1
1875-1877,;4:o.	1875	1875	1
1849-1852.	1849	1852	1
1828-1831	1828	1831	1
1879-1891	1879	1891	1
1884-1891.	1884	1891	1
[1887-]1888.	1887	1888	1
[1888-]1890.	1888	1890	1
[1886-]1888.	1886	1888	1
1868-1869.	1868	1869	1
wuona 1805.	1805	1805	1
[1886-]1887.	1886	1887	1
[1885-]1887.	1885	1887	1
1859;1859.	1859	1859	1
[1801],;1801.	1801	1801	1
1886[-1887]	1886	1887	1
1885[-1886]	1885	1886	1
1889[-1890]	1889	1890	1
1889-1895	1889	1895	1
wuonna 1819.	1819	1819	1
1869-1872.	1869	1872	1
[1890-]1891.	1890	1891	1
[1843?]	1843	1843	1
1893-1899.	1893	1899	1
1886-1902.	1886	1902	1
[1895-]1896.	1895	1896	1
1886-1915.	1886	1915	1
1860-1903.	1860	1903	1
1890-1897 = Helsingfors	NA	NA	1
1886-1909	1886	1909	1
1877-1886.	1877	1886	1
[1884-]1899.	1884	1899	1
[1896-]1900.	1896	1900	1
1902-1911.	1902	1911	1
1892/1893-1900.	NA	1900	1
[1899-1899?]	NA	NA	1
1887-1904.	1887	1904	1
1896-1901.	1896	1901	1
1886-1904.	1886	1904	1
1891-1915.	1891	1915	1
1895-1903.	1895	1903	1
1878-1900.	1878	1900	1
1862-1896.	1862	1896	1
1898[-1900]	1898	1900	1
[1805?]	1805	1805	1
år 1806.	1806	1806	1
1895[-1898]	1895	1898	1
prändätty wuonna 1804.	1804	1804	1
år 1804.	1804	1804	1
[1802--1803]	1802	1803	1
[1800?]	1800	1800	1
[1895-]1898.	1895	1898	1
1895-[1896]	1895	1896	1
1897-[1898]	1897	1898	1
1893[-1895]	1893	1895	1
1892-[1893]	1892	1893	1
1899-1913.	1899	1913	1
1890[-1892]	1890	1892	1
[1910]-1912.	1910	1912	1
1889-1913.	1889	1913	1
1913, 1915, 1916.	NA	NA	1
[S. a.]	NA	NA	1
1884-1907.	1884	1907	1
1902-[1912]	1902	1912	1
1894[-1895]	1894	1895	1
ann. 1805.	1805	1805	1
[år 1807]	1807	1807	1
[1803?]	1803	1803	1
tryckt år 1804.	1804	1804	1
anno 1809.	1809	1809	1
anno 1801.	1801	1801	1
wuonna 1804.	1804	1804	1
1804 goda.	1804	1804	1
[1806?]	1806	1806	1
[1807?]	1807	1807	1
wuonna 1809.	1809	1809	1
[182-?]	NA	NA	1
[181-?]	NA	NA	1
a. 1821.	1821	1821	1
1893[-1900?]	NA	NA	1
1893[-95]	1893	95	1
1892[-93]	1892	93	1
[1911]-1915.	1911	1915	1
1891-1912.	1891	1912	1
1891-1913.	1891	1913	1
1892[-1893]	1892	1893	1
1892[-1894]	1892	1894	1
1898-1914.	1898	1914	1
1906-[1909]	1906	1909	1
1904-1915.	1904	1915	1
[1907]-1913.	1907	1913	1
1895-[1898]	1895	1898	1
[1897-]-1898.	1897	1897	1
1891-94.	1891	94	1
1896-[1897]	1896	1897	1
WSOY,;1900.	NA	NA	1
1890-1909.	1890	1909	1
[1906]-1909.	1906	1909	1
1886-1912.	1886	1912	1
1899-1915.	1899	1915	1
1906-[19??]	1906	1906	1
1890-1915.	1890	1915	1
[1908]-1909.	1908	1909	1
1907-1920.	1907	1920	1
1874-1879.	1874	1879	1
1860-1882.	1860	1882	1
1848-1875.	1848	1875	1
1879-1879.	1879	1879	1
1868-1879.	1868	1879	1
190?.	190	190	1
1876-1885.	1876	1885	1
1882-1895.	1882	1895	1
helmikuun lopulla 1905	1905	1905	1
1882-1888.	1882	1888	1
1881-1891.	1881	1891	1
[1914-1914]	1914	1914	1
1876-1893.	1876	1893	1
1902-[1910]	1902	1910	1
1887-1915.	1887	1915	1
1902-[1903]	1902	1903	1
1881-1894.	1881	1894	1
1892-1910.	1892	1910	1
1884-1893.	1884	1893	1
1895-1916.	1895	1916	1
1888-1906.	1888	1906	1
1894-1904.	1894	1904	1
1902-1907.	1902	1907	1
[1903]-1905.	1903	1905	1
[1902]-1903.	1902	1903	1
1904-1916.	1904	1916	1
1891-1904.	1891	1904	1
1904-1915	1904	1915	1
1893-1901.	1893	1901	1
1890-1916.	1890	1916	1
1895-1912.	1895	1912	1
1887-1900.	1887	1900	1
1898-1900	1898	1900	1
1894-1908.	1894	1908	1
1892-1897.	1892	1897	1
1858-1904.	1858	1904	1
1899-1951.	1899	1951	1
[1904-] 1905.	1905	1905	1
1894-1906.	1894	1906	1
1809 [i.e. 1909]	1909	1909	1
1892-[1905?]	1892	1905	1
[1896?]-1910.	1896	1910	1
[1901-1905?]	NA	NA	1
1901-1907.	1901	1907	1
1902-1908.	1902	1908	1
1883-1905.	1883	1905	1
[1901-1902?]	NA	NA	1
1901-1902	1901	1902	1
1904-[1909]	1904	1909	1
1903-[1911?]	1903	1911	1
1908-[1917].	1908	1917	1
1895-1909.	1895	1909	1
1891-1910.	1891	1910	1
1868-1906.	1868	1906	1
1886-1907.	1886	1907	1
1892-1907.	1892	1907	1
1844-1916.	1844	1916	1
1891-1909.	1891	1909	1
1904-[1905]	1904	1905	1
1893-1908.	1893	1908	1
1863-1894.	1863	1894	1
1895-1914.	1895	1914	1
1913-[1916]	1913	1916	1
1894 [i.e. 1897]	1897	1897	1
[1906?-1910?]	NA	NA	1
1869-1908.	1869	1908	1
1872-1908.	1872	1908	1
1896,;1900.	1896	1896	1
1895-1906.	1895	1906	1
1886-1898.	1886	1898	1
1887-1905.	1887	1905	1
1900 [i.e. 1899]	1899	1899	1
1907-1910	1907	1910	1
1900-1911.	1900	1911	1
1901 [i. e. 1900]	NA	NA	1
1905 [po. 1906]	NA	NA	1
1902-1915.	1902	1915	1
1892-1915.	1892	1915	1
[s.n.]	NA	NA	1
d 1910.	1910	1910	1
1903-1915.	1903	1915	1
1896-[1913]	1896	1913	1
1873-1909.	1873	1909	1
1908-1916	1908	1916	1
1891-1898.	1891	1898	1
1894-1913.	1894	1913	1
1882-1915.	1882	1915	1
[1906-1910]	1906	1910	1
[1893] [i.e. 1902]	1902	1902	1
Otava,;1906.	NA	NA	1
1893-1914.	1893	1914	1
1901-04.	1901	4	1
[1909]-1911.	1909	1911	1
1899-1911.	1899	1911	1
1881-1915.	1881	1915	1
1906[-1908]	1906	1908	1
[1897-]1900.	1897	1900	1
1880-1917.	1880	1917	1
[1890-1917?]	NA	NA	1
1901-02.	1901	2	1
[1912]-1917.	1912	1917	1
1894-1916.	1894	1916	1
1894-1912.	1894	1912	1
1903 [i.e. 1906]	1906	1906	1
[1907]-1909	1907	1909	1
[1906-1912]	1906	1912	1
1908-1910	1908	1910	1
1908,;Kuopio.	1908	1908	1
1904-1911	1904	1911	1
[1901?]-1911.	1901	1911	1
1888-[1916]	1888	1916	1
1877-1912.	1877	1912	1
1910,.	1910	1910	1
1906-1919.	1906	1919	1
1885-1917.	1885	1917	1
[1916-1916]	1916	1916	1
1907 - [1908]	1907	1908	1
1860-1916.	1860	1916	1
1878-1917.	1878	1917	1
1901-1916.	1901	1916	1
[1908-]1910.	1908	1910	1
1907[-1912]	1907	1912	1
1905 [oik. 15]	NA	NA	1
[1908]-1910.	1908	1910	1
[1908}.	1908	1908	1
1895-1913.	1895	1913	1
Helsingin kustannus -o.y.,;1910.	NA	NA	1
1909-	1909	1909	1
Terveys,;1917.	NA	NA	1
[1909?]-1917.	1909	1917	1
1909-[1910]	1909	1910	1
[1904-1905]	1904	1905	1
1891-1906.	1891	1906	1
[1895]-1917.	1895	1917	1
[1911?]-1912.	1911	1912	1
[1911]- 1913.	1913	1913	1
[1909]-1913.	1909	1913	1
[1911-1915]	1911	1915	1
[1913-1914]	1913	1914	1
1889-1990.	1889	1990	1
1911-[1912]	1911	1912	1
[1910]-1914.	1910	1914	1
1910-14.	1910	14	1
[1916]-1917.	1916	1917	1
Olavi H. Puro.	NA	NA	1
1913[-15]	1913	15	1
Suomen evank. seura,;1915.	NA	NA	1
1853-1862.	1853	1862	1
1869-1910.	1869	1910	1
1880-1895.	1880	1895	1
1889-1893.	1889	1893	1
1890-1894.	1890	1894	1
1893-1913[?]	1893	1913	1
1897-1903.	1897	1903	1
1879-1894.	1879	1894	1
1910-19??	1910	1910	1
1914-19??	1914	1914	1
1912-19??	1912	1912	1
1887-1917.	1887	1917	1
[1859-]	1859	1859	1
[-1879]	NA	1879	1
[1869?]	1869	1869	1
[1879?]	1879	1879	1
[1887-1894]	1887	1894	1
[-1917]	NA	1917	1
[-1914]	NA	1914	1
[1860-1870]	1860	1870	1
[1808-1897]	1808	1897	1
[1879-1882]	1879	1882	1
[1905-1913]	1905	1913	1
1841-1846.	1841	1846	1
1840-1844.	1840	1844	1
[-1915]	NA	1915	1
[1911-1913]	1911	1913	1
[-1898]	NA	1898	1
[1898-1900]	1898	1900	1
[1897-1908]	1897	1908	1
[1905-]	1905	1905	1
[1886-1887]	1886	1887	1
[-1916]	NA	1916	1
1907-[1909]	1907	1909	1
[1915-1916]	1915	1916	1
[-1896]	NA	1896	1
[1908-1910]	1908	1910	1
[1912-]	1912	1912	1
[1907-1913]	1907	1913	1
[1909-]	1909	1909	1
1853, 1866	1866	1866	1
[1908-]	1908	1908	1
[1910-1916]	1910	1916	1
[-1910]	NA	1910	1
1813	1813	1813	1
[1881-1888]	1881	1888	1
[1904-]	1904	1904	1
[1893-]	1893	1893	1
[1892-]	1892	1892	1
[1912-1914]	1912	1914	1
[1912-1913]	1912	1913	1
[1877-1878]	1877	1878	1
[-1903]	NA	1903	1
[1826?]	1826	1826	1
[1881-1883]	1881	1883	1
[1800-1902]	1800	1902	1
[1884-]	1884	1884	1
[1865-1866]	1865	1866	1
[1874-1875]	1874	1875	1
[1838-1846]	1838	1846	1
[1904-1906]	1904	1906	1
[1905-1906]	1905	1906	1
[1886-1888]	1886	1888	1
Winther.	NA	NA	1
1901,;Helsingfors.	1901	1901	1
[1909-1910]	1909	1910	1
[1889?]	1889	1889	1
[1900?]-	1900	1900	1
[1846?]	1846	1846	1
1864-1878.	1864	1878	1
1868-1868.	1868	1868	1
1873-1883.	1873	1883	1
1870-1874.	1870	1874	1
1823-1832.	1823	1832	1
1864-1881.	1864	1881	1
1854-1855.	1854	1855	1
1875-1899.	1875	1899	1
1837-1849.	1837	1849	1
1880-1893.	1880	1893	1
1882-1906.	1882	1906	1
1820-1861.	1820	1861	1
1810-1819.	1810	1819	1
1800-1809.	1800	1809	1
1884-1901.	1884	1901	1
1855-1861.	1855	1861	1
1888-1893.	1888	1893	1
1881-1881.	1881	1881	1
1877-1891.	1877	1891	1
1863-1867.	1863	1867	1
1874-1876.	1874	1876	1
1820-1831.	1820	1831	1
1870-1872.	1870	1872	1
1847-1866.	1847	1866	1
1890-1905.	1890	1905	1
1896-1916.	1896	1916	1
1872-1874.	1872	1874	1
1873-1917.	1873	1917	1
1850-1903.	1850	1903	1
1866-1866.	1866	1866	1
1833-1841.	1833	1841	1
1844-1846.	1844	1846	1
1876-1882.	1876	1882	1
1905-1909.	1905	1909	1
1858-1861.	1858	1861	1
1878-1891.	1878	1891	1
1829-1879.	1829	1879	1
1860-1863.	1860	1863	1
1883-1898.	1883	1898	1
1885-1898.	1885	1898	1
1861-1863.	1861	1863	1
1888-1892.	1888	1892	1
1886-1892.	1886	1892	1
1890-1906.	1890	1906	1
[18??]-[19??]	NA	NA	1
1851-1856.	1851	1856	1
1882-1898.	1882	1898	1
1888-1917.	1888	1917	1
1871-1917.	1871	1917	1
1876-1881.	1876	1881	1
1861-1888.	1861	1888	1
1867-1870.	1867	1870	1
1874-1917.	1874	1917	1
1896-1912.	1896	1912	1
1905-1916.	1905	1916	1
1874-1888.	1874	1888	1
1866-1872.	1866	1872	1
1839-1847.	1839	1847	1
1847-1855.	1847	1855	1
1858-1901.	1858	1901	1
1856-1865.	1856	1865	1
1889-1904.	1889	1904	1
1871-1884.	1871	1884	1
1832-1844.	1832	1844	1
1829-1866.	1829	1866	1
1861-1889.	1861	1889	1
1905-1912.	1905	1912	1
1884-1910.	1884	1910	1
1861-1893.	1861	1893	1
1882-1903.	1882	1903	1
1883-1888.	1883	1888	1
1882-1900.	1882	1900	1
1853-1855.	1853	1855	1
1843-1843.	1843	1843	1
1877-1878.	1877	1878	1
1837-1858.	1837	1858	1
1892-1901.	1892	1901	1
1865-1872.	1865	1872	1
1860-1865.	1860	1865	1
1880-1896.	1880	1896	1
1858-1859.	1858	1859	1
1897-1911.	1897	1911	1
1886-1914.	1886	1914	1
1887-1909.	1887	1909	1
1877-1906.	1877	1906	1
1869-1869.	1869	1869	1
1869-1885.	1869	1885	1
1868-1904.	1868	1904	1
1866-1903.	1866	1903	1
1865-1869.	1865	1869	1
1895-1917.	1895	1917	1
1896-[19--?]	1896	1896	1
1834-1835.	1834	1835	1
1874-1874.	1874	1874	1
1897-1902.	1897	1902	1
1890-1903.	1890	1903	1
1827-1829.	1827	1829	1
1869-1873.	1869	1873	1
1902-1917.	1902	1917	1
1878-1887.	1878	1887	1
1807-1809.	1807	1809	1
1816-1826.	1816	1826	1
1880-1884.	1880	1884	1
1867-1873.	1867	1873	1
1899-1902.	1899	1902	1
1868-1871.	1868	1871	1
1854-1857.	1854	1857	1
1827-1831.	1827	1831	1
1888-1894.	1888	1894	1
1887-1898.	1887	1898	1
1872-1880.	1872	1880	1
1819-1823.	1819	1823	1
1895-1907.	1895	1907	1
1859-1863.	1859	1863	1
1836-1840.	1836	1840	1
1884-1899.	1884	1899	1
1888-1898.	1888	1898	1
1897-1910.	1897	1910	1
1847-1863.	1847	1863	1
1894-1911.	1894	1911	1
1881-1895.	1881	1895	1
1867-1869.	1867	1869	1
1872-1914.	1872	1914	1
1851-1855	1851	1855	1
1850-1907.	1850	1907	1
1880-1887.	1880	1887	1
1870-1880.	1870	1880	1
1882-1882.	1882	1882	1
1895-1915.	1895	1915	1
1849-1869.	1849	1869	1
1864-1889.	1864	1889	1
1880-1914.	1880	1914	1
1892-1908.	1892	1908	1
1881-1901.	1881	1901	1
1864-1864.	1864	1864	1
1855-1868.	1855	1868	1
1865-1876.	1865	1876	1
1890-1898.	1890	1898	1
1884-1897.	1884	1897	1
1854-1866.	1854	1866	1
1839-1839.	1839	1839	1
1840-1845.	1840	1845	1
1874-1878.	1874	1878	1
1895-1910.	1895	1910	1
1856-1856.	1856	1856	1
1803-1803.	1803	1803	1
1904-1911.	1904	1911	1
[1902]-1904.	1902	1904	1
1905-1917.	1905	1917	1
1873-1880.	1873	1880	1
1884-1896.	1884	1896	1
1866-1880.	1866	1880	1
1871-1875.	1871	1875	1
1875-1881.	1875	1881	1
1867-1867.	1867	1867	1
1902-1910.	1902	1910	1
1893-1909.	1893	1909	1
1857-1864.	1857	1864	1
1917-19??	1917	1917	1
1838-1908.	1838	1908	1
[vuosien 1721 ja 1743 välillä]	1721	1721	1
[1717?].	1717	1717	1
[1726?]	1726	1726	1
[vuosien 1700 ja 1725 välillä]	1700	1700	1
[1635?].	1635	1635	1
[1755?].	1755	1755	1
[1718].	1718	1718	1
[166-].	166	166	1
[ca. 1720]	1720	1720	1
[after 1728]	1728	1728	1
anno 1776.	1776	1776	1
[1651?]	1651	1651	1
avec privilege du Roy pour vingt ans. 1669.	1669	1669	1
[1609].	1609	1609	1
[1633].	1633	1633	1
[1619].	1619	1619	1
[ca. 1745].	1745	1745	1
[1758?]	1758	1758	1
[158-?]	NA	NA	1
[n. 1680?]	1680	1680	1
[n. 1730]	1730	1730	1
[1630?]	1630	1630	1
[1716?]	1716	1716	1
[1641?]	1641	1641	1
[1600].	1600	1600	1
[1645?]	1645	1645	1
[n. 1660?]	1660	1660	1
1595.	1595	1595	1
[1745?]	1745	1745	1
Fil. sculp. 1788.	1788	1788	1
[n. 1730?]	1730	1730	1
[168-?].	NA	NA	1
[M]DCCXII. [1712]	1712	1712	1
anno 1649	1649	1649	1
[1800].	1800	1800	1
[1686?]	1686	1686	1
[1773].	1773	1773	1
[172-?]	NA	NA	1
[1675].	1675	1675	1
[1682].	1682	1682	1
[1768?].	1768	1768	1
prändätty maalis-kuusa 1799.	1799	1799	1
anno 1717.	1717	1717	1
MDCCXXXIII [1733]	1733	1733	1
[c. 1750].	1750	1750	1
[1739].	1739	1739	1
[1772].	1772	1772	1
1788	1788	1788	1
år 1759.	1759	1759	1
1790	1790	1790	1
[177?].	177	177	1
[n. 1700].	1700	1700	1
[1715?]	1715	1715	1
[1792].	1792	1792	1
[1741].	1741	1741	1
[1742].	1742	1742	1
[1703?].	1703	1703	1
avec privilege 1753.	1753	1753	1
[c. 1740]	1740	1740	1
[1799].	1799	1799	1
tan jägen 1648.	1648	1648	1
[1697].	1697	1697	1
åhr 1749.	1749	1749	1
[1637]	1637	1637	1
[1738?]	1738	1738	1
[n. 1752]	1752	1752	1
[aikaisintaan 1729]	1729	1729	1
[1610]	1610	1610	1
1608.	1608	1608	1
[jälkeen] 17.8.1488.	NA	NA	1
[1697-1702]	1697	1702	1
tryckt åhr 1673.	1673	1673	1
[1669-1697]	1669	1697	1
[1655-1663]	1655	1663	1
[1654--1664]	1654	1664	1
[1669-1674]	1669	1674	1
[1687-1695]	1687	1695	1
[1685-1697]	1685	1697	1
[ca. 1665]	1665	1665	1
[prändätty w. 1670]	1670	1670	1
ao 1659.	1659	1659	1
åhr. 1755.	1755	1755	1
[1697-1704]	1697	1704	1
[1753-1755]	1753	1755	1
[1776-1801]	1776	1801	1
prändätty wuonna [1760-luku]	NA	NA	1
[1792--1810]	1792	1810	1
prändätty tänä wuon [1735--1742]	NA	1742	1
prändätty tänä wuonna [1740-luku]	NA	NA	1
[1798--1800]	1798	1800	1
wastaudesta prändätty [n. 1770]	1770	1770	1
wastaudesta prändätty [1754--1776]	NA	1776	1
prändätty tänä wuonna [1760-luvulla]	NA	NA	1
prändätty tänä wuonna [n. 1760]	1760	1760	1
[1760--1766]	1760	1766	1
prändätty tänä wuonna [1722-1728]	NA	1728	1
[1725-1732]	1725	1732	1
prändätty tänä wuonna [1727--1744]	NA	1744	1
Prändätty wuonna 1792.	1792	1792	1
[1756--1761]	1756	1761	1
prändätty tänä wuona [1700--1720]	NA	1720	1
prändätty wuona 1746.	1746	1746	1
präntätty 1746.	1746	1746	1
[1760-luvulla]	NA	NA	1
prändätty wuona 1739.	1739	1739	1
prändätty wuona 1736.	1736	1736	1
prändätty tänä wuonna.	NA	NA	1
prändätty wuonna 1757.	1757	1757	1
wuona 1753.	1753	1753	1
[n. 1745]	1745	1745	1
wuona 1745.	1745	1745	1
wuona 1739.	1739	1739	1
prändätty wuona 1776.	1776	1776	1
prändätty wuona 1765.	1765	1765	1
Wastaudesta prändätty [ennen vuotta 1764]	1764	1764	1
prändettyt wuonna 1792.	1792	1792	1
prändätty wuonna 1743.	1743	1743	1
w. prändätty wuonna 1754.	1754	1754	1
w. prändätty wuonna 1739.	1739	1739	1
wouna [sic] 1778.	1778	1778	1
[1709?]	1709	1709	1
prändätty 1795.	1795	1795	1
präntätty wuona 1783.	1783	1783	1
prändätty wuonna 1795.	1795	1795	1
prändätyt wuonna 1780.	1780	1780	1
w. 1760.	1760	1760	1
wuonna 1754 s. 13 päiwänä touco cuusa.	1754	1754	1
pränd 1738.	1738	1738	1
[wuonna 1798]	1798	1798	1
[wuonna 1795]	1795	1795	1
[172?]	172	172	1
MDCCXIV. X. Marti.	NA	NA	1
d. 15. Augusti 1714.	15	15	1
gedruckt nach dem Leipziger Exemplar, den 3. Sept. 1714.	NA	NA	1
gedruckt den 30. Augusti 1714.	30	30	1
gedruckt, den 12. April [1714]	12	12	1
im Jahr, 1713.	1713	1713	1
in Jun. 1752.	1752	1752	1
åhr 1667 [sic]	1667	1667	1
åhr 1636.	1636	1636	1
åhr effter Christi börd 1629.	1629	1629	1
åhr 1626.	1626	1626	1
[ca. 1675]	1675	1675	1
präntätty wuonna 1786.	1786	1786	1
prändätty 1797.	1797	1797	1
prändättyt wuonna 1787.	1787	1787	1
prändätty wnona [sic] 1712.	1712	1712	1
prändätty wuonna [...]	NA	NA	1
prändätty wuouna [sic] 1796.	1796	1796	1
wastaudesta prändätty 1788.	1788	1788	1
prändätty wounna [sic] 1798.	1798	1798	1
[1776--1801]	1776	1801	1
präntätty wuonna 1796.	1796	1796	1
[1780--1804]	1780	1804	1
[1776--1792]	1776	1792	1
prändätty 1780.	1780	1780	1
präntätyt wuonna 1800.	1800	1800	1
präntätyt wuona 1800.	1800	1800	1
w. 1800.	1800	1800	1
w. 1799.	1799	1799	1
prändätty, wuonna 1734.	1734	1734	1
prändätyt wuonna 1800.	1800	1800	1
prändätyt wuonna 1794.	1794	1794	1
[1754--1755]	1754	1755	1
prändätty tänä wuonna 1753.	1753	1753	1
[1760--1779]	1760	1779	1
prändätty wuonna 1754.	1754	1754	1
[1727--1734]	1727	1734	1
aar 1770.	1770	1770	1
a. 1738.	1738	1738	1
anno Christi 1700.	1700	1700	1
anno 1725.	1725	1725	1
1789-1791.	1789	1791	1
åhr 1719.	1719	1719	1
[anno 1613]	1613	1613	1
wuonna 1729.	1729	1729	1
[1723--1729]	1723	1729	1
wuonna 1713.	1713	1713	1
wuonna 1712.	1712	1712	1
[1579 ... före 25.7.1580]	NA	NA	1
åhr 1734.	1734	1734	1
anno 1705.	1705	1705	1
1713.	1713	1713	1
anno de 1741.	1741	1741	1
[n. 1778]	1778	1778	1
[1764?]	1764	1764	1
[1764 tai myöh.]	1764	1764	1
[1762?]	1762	1762	1
[1756--1766]	1756	1766	1
wuona 1703.	1703	1703	1
le 28 januier 1729.	28	28	1
anno 1706.	1706	1706	1
1769]	1769	1769	1
1769	1769	1769	1
[år 1771]	1771	1771	1
1785]	1785	1785	1
d. 13 novemb. år 1781.	13	13	1
d. 30 october, år 1781.	30	30	1
[år 1761]	1761	1761	1
anno MDCXLVIII [1648]	1648	1648	1
[a. 1639]	1639	1639	1
[anno 1648]	1648	1648	1
[1602]	1602	1602	1
anno 1597.	1597	1597	1
1626.	1626	1626	1
[anno 1649]	1649	1649	1
[1685--1691]	1685	1691	1
1565.	1565	1565	1
[anno 1632]	1632	1632	1
[Acad. anno 1619]	1619	1619	1
[1628] -	1628	1628	1
[1674 tai myöh.]	1674	1674	1
år 1713.	1713	1713	1
anno 1620.	1620	1620	1
anno 1600 kal: Ian	1600	1600	1
[åhr 1645]	1645	1645	1
[1627]	1627	1627	1
anno 1602.	1602	1602	1
åhr 1736.	1736	1736	1
1597.	1597	1597	1
[1755--1760]	1755	1760	1
[1730-luvulla?]	NA	NA	1
[ennen vuotta 1740]	1740	1740	1
[1726--1728]	1726	1728	1
[1730--1733?]	NA	NA	1
[1696-1707]	1696	1707	1
[1667-1683]	1667	1683	1
[1724--1725]	1724	1725	1
[anno 1609]	1609	1609	1
auno [!] 1621.	1621	1621	1
åhr Christi 1624.	1624	1624	1
anno 1618.	1618	1618	1
[1669-1697?]	NA	NA	1
[1681-1690]	1681	1690	1
[1726--1730]	1726	1730	1
[wuonna 1693]	1693	1693	1
[anno 1664]	1664	1664	1
[1555]	1555	1555	1
[wuona 1685]	1685	1685	1
[wuonna 1681]	1681	1681	1
[wuonna 1669]	1669	1669	1
wuonna, 1671.	1671	1671	1
wuonna 1668.	1668	1668	1
wuona 1671.	1671	1671	1
prändätty wuonna 1671.	1671	1671	1
wuona 1658.	1658	1658	1
[1699-1703]	1699	1703	1
[1697 ... 1704]	NA	NA	1
åhr 1687.	1687	1687	1
tryckt åhr 1675.	1675	1675	1
19. p. octobr. anno 1696.	19	19	1
[1.12.1584 jälkeen]	NA	NA	1
wuonna 1698.	1698	1698	1
wuonna 1688.	1688	1688	1
cunin: boktryckärildä,;wuonna 1686.	NA	NA	1
wuona 1681.	1681	1681	1
wuonna 1679.	1679	1679	1
wuonna 1678.	1678	1678	1
wuonna 1677.	1677	1677	1
wuonna 1676.	1676	1676	1
prändätty wuonna 1675.	1675	1675	1
wuonna 1675.	1675	1675	1
wuotena 1673.	1673	1673	1
wuona 1673.	1673	1673	1
wuona 1672.	1672	1672	1
[1660?]	1660	1660	1
[1676?]	1676	1676	1
[1675?]	1675	1675	1
[1712?]	1712	1712	1
1700.	1700	1700	1
im Iahr 1633.	1633	1633	1
[1694-1701]	1694	1701	1
1768]	1768	1768	1
1702.	1702	1702	1
anno 1709.	1709	1709	1
[1753?]	1753	1753	1
prändätty wuonna, 1700.	1700	1700	1
prändätty wuonna 1700.	1700	1700	1
[1697--1701]	1697	1701	1
[1732--1746]	1732	1746	1
[1647-1664]	1647	1664	1
[1690-1698]	1690	1698	1
anno o. r. M.DC.LXXXVIII. [1688]	1688	1688	1
anno khrisogonias M.DC.LXXXV. [1685]	1685	1685	1
anno parthenotokias M.DC.LXXXI. [1681]	1681	1681	1
anno Domini, M.DC.LXXV. [1675]	1675	1675	1
anno M.DC.LXXIII. [1673]	1673	1673	1
a. g. M.DC.LX.IX. [1669]	1669	1669	1
anno khrisogonias 1664.	1664	1664	1
ad diem, si Deo videbitur [29 april] 1699.	NA	NA	1
a. 1682.	1682	1682	1
anno Christi 1651.	1651	1651	1
an. 1610.	1610	1610	1
[1596?]	1596	1596	1
anno 1631 [po. 1632]	1631	1631	1
anno 1596.	1596	1596	1
anno salvtis nostrae 1596.	1596	1596	1
ann. 1653.	1653	1653	1
anno M.DC.XXIII [1623]	1623	1623	1
[a:o 1668]	1668	1668	1
[anno 1603]	1603	1603	1
[1639-1640?]	NA	NA	1
[1652-1657?]	NA	NA	1
[1675 eller senare]	1675	1675	1
[anno 1651]	1651	1651	1
[anno 1626]	1626	1626	1
[anno 1659]	1659	1659	1
[anno 1644]	1644	1644	1
[wuonna 1685]	1685	1685	1
[pränd. w. 1688]	1688	1688	1
[prändätty wuonna 1686]	1686	1686	1
[anno 1574]	1574	1574	1
[1599]	1599	1599	1
1590.	1590	1590	1
1582.	1582	1582	1
[noin 1590]	1590	1590	1
anno Domini 1577.	1577	1577	1
[1567]	1567	1567	1
tryckt åhr 1681.	1681	1681	1
an. 1688.	1688	1688	1
tryckt åhr Christi 1686.	1686	1686	1
årh [...] 1684.	1684	1684	1
på åhret efter Gudz börd 1632.	1632	1632	1
[före 1692]	1692	1692	1
[prändätty wuonna, 1686]	1686	1686	1
[1722-1729]	1722	1729	1
prändätty wuonna 166[...]	NA	NA	1
[ennen v. 1690]	1690	1690	1
[1644-1660]	1644	1660	1
prändätty wuonna 1699.	1699	1699	1
prändätty wuona 1685.	1685	1685	1
prändätty wuonna 1690,;1690.	1690	1690	1
wuonna 1690.	1690	1690	1
prändätty wuonna 1686.	1686	1686	1
prändätty wuonna, 1695.	1695	1695	1
[1670--1686]	1670	1686	1
1562 [po. 1652]	NA	NA	1
an. 1656.	1656	1656	1
anno 1609.	1609	1609	1
anno salvtis 1604.	1604	1604	1
a. 1683.	1683	1683	1
a 1662.	1662	1662	1
anno radix ingen vae artis est amara frvctvs vetò eivs sapit tibi benè.	NA	NA	1
1662.	1662	1662	1
[1683 tai myöh.]	1683	1683	1
åhr 1698.	1698	1698	1
[1680-1710]	1680	1710	1
anno 1599 die 15. Februarii.	1599	1599	1
an. 1637.	1637	1637	1
[ca 1695]	1695	1695	1
an. 1680.	1680	1680	1
wuonna 1696.	1696	1696	1
jubel wuodella 1693.	1693	1693	1
wuonna 1692.	1692	1692	1
[1685-1699]	1685	1699	1
wuona 1690.	1690	1690	1
[aikaisintaan 1688?]	1688	1688	1
[168?]	168	168	1
[ennen v. 1680?]	1680	1680	1
wuona 1685.	1685	1685	1
a. 1671.	1671	1671	1
1664.	1664	1664	1
1653 [po. 1658?]	NA	NA	1
1646[-1647]	1646	1647	1
[n. 1610]	1610	1610	1
[n. 1583]	1583	1583	1
åhr 1663.	1663	1663	1
[1666?]	1666	1666	1
anno 1949 [sic]	1949	1949	1
åhr Christi 1686.	1686	1686	1
[1662?]	1662	1662	1
[1640?]	1640	1640	1
anno. 1634.	1634	1634	1
wuonna 1634.	1634	1634	1
[1633?]	1633	1633	1
åhr 1658.	1658	1658	1
wuona 1654.	1654	1654	1
anno c. 1656.	1656	1656	1
a. 1649.	1649	1649	1
[1688?]	1688	1688	1
åhr 1642.	1642	1642	1
anno 1621.	1621	1621	1
a. 1659.	1659	1659	1
anno 1659.	1659	1659	1
anno D[omi]ni 1552.	1552	1552	1
1548.	1548	1548	1
anno Domini 1642.	1642	1642	1
[1693-1695]	1693	1695	1
[1680 tai myöh.]	1680	1680	1
[1680],;1680.	1680	1680	1
[1686],;1686.	1686	1686	1
tryckt i åhr 1672.	1672	1672	1
woonna jälkehen Christuxen syndymän 1610.	1610	1610	1
d. maij 1673.	1673	1673	1
[1607?]	1607	1607	1
excusâ anno 1692.	1692	1692	1
[1682?]	1682	1682	1
[1693-1698]	1693	1698	1
anno 1665 in Augusto.	1665	1665	1
[anno Dni 1549]	1549	1549	1
1522.	1522	1522	1
[1549]	1549	1549	1
[anno 1575 septembris 12]	1575	1575	1
wuona jelkin Christuxen syndymän 1622.	1622	1622	1
1618.	1618	1618	1
anno Christi 1646.	1646	1646	1
[1687-1710]	1687	1710	1
1668.	1668	1668	1
an. 1649.	1649	1649	1
1600.	1600	1600	1
a. 1698.	1698	1698	1
anno Ch. 1697.	1697	1697	1
ann. 1692.	1692	1692	1
1688-1689.	1688	1689	1
1683-1684.	1683	1684	1
[167?]	167	167	1
prändätty wuona 1690.	1690	1690	1
[1669?]	1669	1669	1
[1687?]	1687	1687	1
anno Dni 1642. 16 aprilis.	NA	NA	1
[1684?]	1684	1684	1
anno aerae christianae 1682.	1682	1682	1
[anno 1619]	1619	1619	1
[168-?]	NA	NA	1
åhr 1662.	1662	1662	1
[1659?]	1659	1659	1
[n. 1670]	1670	1670	1
[a:1680]	1680	1680	1
[åhr 1638]	1638	1638	1
1667.	1667	1667	1
1644 vuona jälken Christuxen syndimen.	1644	1644	1
1608,;1608.	1608	1608	1
dagen förr nyåhret som ingår 1663.	1663	1663	1
1652-1657?.	1652	1657	1
[anno 1628]	1628	1628	1
wuona 1695.	1695	1695	1
wuonna 1671.	1671	1671	1
wuonna 1693.	1693	1693	1
wuonna, 1684.	1684	1684	1
sinä 1615 wuona, jälken Christuxen syndymän.	1615	1615	1
1583-1589.	1583	1589	1
[Herran syndimen wodesta 1559]	1559	1559	1
1549-1559.	1549	1559	1
[anno 1629]	1629	1629	1
anno ut supra [=1617]	1617	1617	1
p. m. 1653.	1653	1653	1
an[n]o 1650.	1650	1650	1
an[n]o 1649.	1649	1649	1
anno M.DC.LII. [1652]	1652	1652	1
anno 168.4. [po. 1648]	NA	NA	1
[165-?]	NA	NA	1
ult. Maij a. 1685.	1685	1685	1
[1674?]	1674	1674	1
[ca. 1690]	1690	1690	1
åhr 1622.	1622	1622	1
wuonna 1684.	1684	1684	1
anno 1658.	1658	1658	1
a[nn]o 1640.	1640	1640	1
åhr, 1644.	1644	1644	1
åhr 1612.	1612	1612	1
[ca. 1614]	1614	1614	1
[1667?]	1667	1667	1
vuona jälken Christuxen syndymän 1616.	1616	1616	1
[1582]	1582	1582	1
[1642],;1642.	1642	1642	1
a[...] 1666-1670.	1666	1670	1
[anno Dni 1544. Nouembris 12]	NA	NA	1
1630.	1630	1630	1
1629 anno.	1629	1629	1
anno 1622. 25. Ian.	1622	1622	1
anno 1622. 4. Octob.	1622	1622	1
wuona 1656.	1656	1656	1
wuona jelken Christuxen syndymän 1616,;1616.	1616	1616	1
1680-1710.	1680	1710	1
tryckt åhr Christi 1684.	1684	1684	1
tryckt 1680.	1680	1680	1
1583.	1583	1583	1
sinä 1615. wuona, jälken Christuxen syndymän.	1615	1615	1
anno 1608. Tempore visitationis Mariae.	1608	1608	1
åhr 1649.	1649	1649	1
wuona jelken Christuxen syndymen 1616.	1616	1616	1
[Christusen syndyme wodesta. 1549]	1549	1549	1
anno Christi [M.D]C.LXXXII. [1682]	1682	1682	1
anno salutis M.DC.XCI. [1691]	1691	1691	1
anno M.DC.LX. [1660]	1660	1660	1
a. 1695.	1695	1695	1
anno M.DC.LXIV. [1664]	1664	1664	1
a. 1678.	1678	1678	1
anno khrisogonias 1662.	1662	1662	1
[1623]	1623	1623	1
[1613]	1613	1613	1
[1608]	1608	1608	1
[1607]	1607	1607	1
Anno 1648.	1648	1648	1
a. 1688.	1688	1688	1
[1769--1775]	1769	1775	1
[...] staudesta prändätty, 1795.	1795	1795	1
prändätty ... [17--]	17	17	1
prändätty tänä wuonna [= ennen vuotta 1787]	1787	1787	1
1677-1719.	1677	1719	1
prändätty, tänä wuonna [17-?]	NA	NA	1
prändätty wuonna 1799.	1799	1799	1
[1799?]	1799	1799	1
präntätty wuonna 1799.	1799	1799	1
[n. 1798--1801]	1798	1798	1
prändätty wuonna 1793.	1793	1793	1
prändätyt wuonna 1795.	1795	1795	1
[1785--1804]	1785	1804	1
1776--1808.	1776	1808	1
präntätty wuonna 1785.	1785	1785	1
prändätty wuona, 1785.	1785	1785	1
prändätty wuona 1785.	1785	1785	1
präntätty wuona 1785.	1785	1785	1
prändätty wuonna 1781.	1781	1781	1
[prändätty wuonna 1781]	1781	1781	1
[1778?]	1778	1778	1
prändätty wuonna 1772.	1772	1772	1
[1778-1804]	1778	1804	1
[1786--1792]	1786	1792	1
wastauudesta prändätyt wuonna 1780.	1780	1780	1
pränttijn annetut wuonna 1768.	1768	1768	1
an. 1792.	1792	1792	1
åhr 1709.	1709	1709	1
[1723?]	1723	1723	1
[178-]	178	178	1
åhr 1712.	1712	1712	1
[1773?]	1773	1773	1
[1783?]	1783	1783	1
[1776--1802]	1776	1802	1
[n. 1765]	1765	1765	1
[före 1731]	1731	1731	1
[ennen v. 1731]	1731	1731	1
[ca. 1740]	1740	1740	1
[1630]	1630	1630	1
[1672 ... 1681]	NA	NA	1
[1604]	1604	1604	1
[1600]	1600	1600	1
[1598]	1598	1598	1
[an. 1651]	1651	1651	1
anno 1599.	1599	1599	1
anno Domini 1589.	1589	1589	1
[1619 tai aik.]	1619	1619	1
1694-1697.	1694	1697	1
[1699 tai aik.]	1699	1699	1
[167-?]	NA	NA	1
[1683 eller tidigare]	1683	1683	1
anno 1624.	1624	1624	1
åhr 1650.	1650	1650	1
im Iahr 1684.	1684	1684	1
tryckt åhr 1683.	1683	1683	1
anno Christi 1683.	1683	1683	1
wuona 1683.	1683	1683	1
tryckt ähr 1679.	1679	1679	1
tryckt åhr Christi 1683.	1683	1683	1
tryckt åhr 1682.	1682	1682	1
tryckt åhr 1678.	1678	1678	1
1674-1678.	1674	1678	1
a.o 1673.	1673	1673	1
[anno 1672]	1672	1672	1
åhr. 1670.	1670	1670	1
[1678?]	1678	1678	1
anno 1677.	1677	1677	1
étei a kh o s [=1676]	1676	1676	1
an. 1660.	1660	1660	1
den 30. decemb. a:o 1659.	30	30	1
anno Christiano 1658.	1658	1658	1
1659.	1659	1659	1
åhr 1654.	1654	1654	1
gedruckt im Iahr 1662.	1662	1662	1
gedruckt im Iahr 1661.	1661	1661	1
im Iahr 1661.	1661	1661	1
år 1674.	1674	1674	1
jhm Iahr 1674.	1674	1674	1
den 23. novemb. åhr 1673.	23	23	1
in obbemelten Iahr [1673]	1673	1673	1
in obbemeldtem Iahr [1673]	1673	1673	1
[1672] Strängnäs.	1672	1672	1
[1673] Tukholma.	1673	1673	1
[1671] Turku.	1671	1671	1
[1672] Tukholma.	1672	1672	1
[1669] Tukholma.	1669	1669	1
anno 1667.	1667	1667	1
1668-1675.	1668	1675	1
[1668] Turku.	1668	1668	1
[an. 1677]	1677	1677	1
[1675] Turku,;[1:o?]	1675	1675	1
[1674] Turku,;[1:o?]	1674	1674	1
åhr 1634.	1634	1634	1
im Iahr 1623.	1623	1623	1
anno M. DC. XC. [1690]	1690	1690	1
[åhr 1661]	1661	1661	1
åhr 1653.	1653	1653	1
[an[n]o 1639]	1639	1639	1
anno ae. C. 1652.	1652	1652	1
[1626]	1626	1626	1
åhr, 1695.	1695	1695	1
åhr efter Christi föd. 1680.	1680	1680	1
åhr effter Christi födelse 1674.	1674	1674	1
1698-1701.	1698	1701	1
åhr 1697.	1697	1697	1
åhr 1699.	1699	1699	1
tryckt åhr 1696.	1696	1696	1
tryckt åhr 1694.	1694	1694	1
[åhr 1695]	1695	1695	1
åhr 1648.	1648	1648	1
ao 1648.	1648	1648	1
anno ae. C. 1647.	1647	1647	1
im Iahr 1646.	1646	1646	1
anno Ae. C. 1646.	1646	1646	1
anno ae. C. 1645.	1645	1645	1
åår 1645.	1645	1645	1
1640.	1640	1640	1
tryckt åhr 1634.	1634	1634	1
anno ut supra [=1629]	1629	1629	1
excusa anno 1625.	1625	1625	1
anno Christi 1597.	1597	1597	1
anno 1586.	1586	1586	1
anno 1587.	1587	1587	1
1584.	1584	1584	1
[anno 1599]	1599	1599	1
[anno 1641]	1641	1641	1
åhr 1613.	1613	1613	1
anno Domini 1608.	1608	1608	1
anno salutis humanae 1602.	1602	1602	1
a. 1684.	1684	1684	1
tryckt åhr 1684.	1684	1684	1
tryckt åhr 1689.	1689	1689	1
tryckt åhr 1688.	1688	1688	1
impressum anno 1687.	1687	1687	1
impressus anno 1687.	1687	1687	1
tryck åhr 1687.	1687	1687	1
åhr cffret [sic] Christi födelse 1687.	1687	1687	1
excusús anno 1687.	1687	1687	1
die 16 Novemb. anno 1686.	16	16	1
åhr efter Christi födelse 1686.	1686	1686	1
a. 1689.	1689	1689	1
åhr effter Christi börd, 1685.	1685	1685	1
tryckt åhr 1685.	1685	1685	1
anno Christi 1686.	1686	1686	1
tô étei a kh p th [1689]	1689	1689	1
wuona 1680.	1680	1680	1
jm Iahr 1679.	1679	1679	1
im Jahr 1660.	1660	1660	1
ahr 1653.	1653	1653	1
anno Ae. 1652.	1652	1652	1
1654-1655.	1654	1655	1
prändätty wuonna 1695.	1695	1695	1
im Iahr 1697.	1697	1697	1
åhr 1693.	1693	1693	1
trycht åhr 1692.	1692	1692	1
åhr 1695.	1695	1695	1
åhr [e]ffter Christi födelse, 1690.	1690	1690	1
exc. anno 1689.	1689	1689	1
[1771?]	1771	1771	1
[1702?]	1702	1702	1
anno 1722.	1722	1722	1
[n. 1714]	1714	1714	1
[1761--1771]	1761	1771	1
[1783 tai myöh.]	1783	1783	1
wuona 1702.	1702	1702	1
wuona 1755.	1755	1755	1
w. 1766.	1766	1766	1
[år 1776]	1776	1776	1
1???.	NA	NA	1
w. 1746.	1746	1746	1
w. 1737.	1737	1737	1
wuonna 1733.	1733	1733	1
1723.	1723	1723	1
1712.	1712	1712	1
[wuonna 1723]	1723	1723	1
[1745 tai aik.]	1745	1745	1
1703.	1703	1703	1
wuonna 1701.	1701	1701	1
[1799-1800]	1799	1800	1
år 1772.	1772	1772	1
[wuonna 1784]	1784	1784	1
w. 1788.	1788	1788	1
w. 1785.	1785	1785	1
[wuonna 1775]	1775	1775	1
wuonna 1731.	1731	1731	1
wuonna 1726.	1726	1726	1
wuonna 1724.	1724	1724	1
wuonna 1721.	1721	1721	1
wuona 1713.	1713	1713	1
wuonna 1707.	1707	1707	1
[17?]	17	17	1
1757 [po. 1751]	NA	NA	1
wuonna 1771.	1771	1771	1
wounua [sic] 1766.	1766	1766	1
[wuonna 1757]	1757	1757	1
[wuonna 1756]	1756	1756	1
anno 1743.	1743	1743	1
tryckt 1789.	1789	1789	1
wuona 1782.	1782	1782	1
år 1766.	1766	1766	1
[Åhr. 1762]	1762	1762	1
åhr 1761.	1761	1761	1
[åhr 1760]	1760	1760	1
år 1754.	1754	1754	1
wuonna 1751.	1751	1751	1
åhr 1748.	1748	1748	1
år 1741.	1741	1741	1
år 1739.	1739	1739	1
anno 1737.	1737	1737	1
[1735?]	1735	1735	1
1731,;4:o.	1731	1731	1
[1745--1750]	1745	1750	1
ce [ ] dumois [sic] de septembre de l'année [sic] 1725.	1725	1725	1
tryckt åhr 1722.	1722	1722	1
1722?,;2:o.	1722	1722	1
åhr 1721.	1721	1721	1
åhr 1718.	1718	1718	1
a:o 1718.	1718	1718	1
[1718],;2:o.	1718	1718	1
[aikaisintaan 1707]	1707	1707	1
anno 1721.	1721	1721	1
tryckt år 1770.	1770	1770	1
[1700-1712]	1700	1712	1
[1700--1704]	1700	1704	1
tryckt år 1712.	1712	1712	1
åhr 1739.	1739	1739	1
[1768 tai myöh.?]	1768	1768	1
[prändätty wuonna 1785]	1785	1785	1
prändätty wnonna [sic] 1781.	1781	1781	1
prändätty wuonna 1763.	1763	1763	1
p[rändätty wuonna 1744]	1744	1744	1
prändätty wuonna 1739 [po. 1771--1784].	1739	1739	1
prändätty wuonna 1739.	1739	1739	1
[prändätty samana wuona, 1739]	1739	1739	1
prändätty samana wuona [1739]	1739	1739	1
1738 [po. 1752].	NA	NA	1
1738 [po. 1746--1752].	NA	NA	1
[1776 tai myöh.]	1776	1776	1
prändätyt wuonna 1761.	1761	1761	1
wastaudesta prändätty [1761 tai myöh.]	1761	1761	1
wastudesta prändätty [1761 tai myöh.]	1761	1761	1
wastaudesta prändätty [1761 tai myöh]	1761	1761	1
[1745 tai myöh.]	1745	1745	1
prändätty wuonna 1745.	1745	1745	1
prändätty wuonna. 1743.	1743	1743	1
wuona. 1737.	1737	1737	1
[1745--1753]	1745	1753	1
w: 1735.	1735	1735	1
wuona 1735.	1735	1735	1
w. 1735.	1735	1735	1
wuon. 1735.	1735	1735	1
[1776-1804]	1776	1804	1
[n. 1765--1776]	1765	1765	1
prändätty wuonna 1765.	1765	1765	1
prändätty wuonna 1752.	1752	1752	1
prändätty wuonna 1747.	1747	1747	1
[n. 1735]	1735	1735	1
pr[...] [n. 1735]	1735	1735	1
[wuonna 1735]	1735	1735	1
[1796--1801]	1796	1801	1
prändätyt wuonna 1796.	1796	1796	1
[prändäty 1735]	1735	1735	1
[1764--1770]	1764	1770	1
wastaudesta prändätty ja ojettu 1764.	1764	1764	1
prändätty wuonna, 1767.	1767	1767	1
wuonna 1753.	1753	1753	1
prändätty, wuonna 1735.	1735	1735	1
[wuonna 1778]	1778	1778	1
[1764--1769?]	NA	NA	1
prändätty wuonna 1755.	1755	1755	1
prändätty wuonna 1736.	1736	1736	1
[prändätty wuonna 1734]	1734	1734	1
prändätty wuonna. 1785.	1785	1785	1
prändätty tänä wuonna [1770--1779?]	NA	NA	1
[1750 tai myöh.]	1750	1750	1
prändätty wuonna. 1766.	1766	1766	1
prändätty wuonna. 1746.	1746	1746	1
prändätty, wuonna. 1734.	1734	1734	1
[wuonna 1777]	1777	1777	1
[pränd. wuonna 1734]	1734	1734	1
prändätty wuonna. 1736.	1736	1736	1
prändätty 1732.	1732	1732	1
prändätty 1729.	1729	1729	1
prändätty wuonna 1726.	1726	1726	1
prändätty wuonna, 1706.	1706	1706	1
prändätty, wuonna 1704.	1704	1704	1
[1735--1746?]	NA	NA	1
prändätty wuonna 1735.	1735	1735	1
prändätty wuonna, 1703.	1703	1703	1
prändätty samana wuonna [1703?]	1703	1703	1
[ennen vuotta 1713]	1713	1713	1
[aik. 1776]	1776	1776	1
[år 1791]	1791	1791	1
[1742?]	1742	1742	1
[176-]	176	176	1
a. 1729.	1729	1729	1
[1784 tai myöh?]	1784	1784	1
åhr 1725.	1725	1725	1
[1778 tai myöh.]	1778	1778	1
år 1761.	1761	1761	1
åhr 1707.	1707	1707	1
1784[-1785]	1784	1785	1
1783[-1784]	1783	1784	1
1781[-1782]	1781	1782	1
[1729--1750]	1729	1750	1
åhr 1737.	1737	1737	1
åhr 1705.	1705	1705	1
år 1757.	1757	1757	1
å nyo tryckt år 1773.	1773	1773	1
åhr 1711.	1711	1711	1
wuona 1733.	1733	1733	1
w. 1776.	1776	1776	1
wuotena 1797.	1797	1797	1
a 1768	1768	1768	1
[år 1772]	1772	1772	1
[175?]	175	175	1
[1774?]	1774	1774	1
a:o 1708.	1708	1708	1
1711.	1711	1711	1
[1788 tai 1789]	NA	NA	1
[1717 tai myöh.]	1717	1717	1
[prändätty 31. p. heinä kuusa 1792]	31	31	1
anno 1719.	1719	1719	1
[år 1770]	1770	1770	1
tryckt år 1800.	1800	1800	1
tryckt år 1796.	1796	1796	1
trykt år 1788.	1788	1788	1
trykt i år.	NA	NA	1
tryckt i åhr.	NA	NA	1
anno 1733.	1733	1733	1
anno 1734.	1734	1734	1
anno1743.	1743	1743	1
anno 1708.	1708	1708	1
anno 1756.	1756	1756	1
anno 1744.	1744	1744	1
[1733?]	1733	1733	1
[1778 tai aik.?]	1778	1778	1
w. 1786.	1786	1786	1
[n. 1784?]	1784	1784	1
w. 1784.	1784	1784	1
w. 1781.	1781	1781	1
w. 1780.	1780	1780	1
wonna [!] 1778.	1778	1778	1
w. 1762.	1762	1762	1
wuonna 1742.	1742	1742	1
wuonna 1740.	1740	1740	1
wuonna 1734.	1734	1734	1
w. 1724.	1724	1724	1
wuonna 1702.	1702	1702	1
wuonna 1748.	1748	1748	1
[1739--1747]	1739	1747	1
[1766--1779?]	NA	NA	1
[1766--1799?]	NA	NA	1
[wuonna 1797]	1797	1797	1
[wuonna 1796]	1796	1796	1
[wuonna 1790]	1790	1790	1
[wuonna 1785]	1785	1785	1
[wuonna 1782]	1782	1782	1
[wuonna 1737]	1737	1737	1
wuonna 1722.	1722	1722	1
trykt Aar 1728.	1728	1728	1
prändätty, wuonna 1722.	1722	1722	1
[1724--1742?]	NA	NA	1
1775	1775	1775	1
[1737--1742?]	NA	NA	1
[1756--1763]	1756	1763	1
[1722?]	1722	1722	1
den 11 julii, 1792.	11	11	1
anno 1723.	1723	1723	1
anno 1731.	1731	1731	1
A. 1722.	1722	1722	1
[1795 tai aik.]	1795	1795	1
[1794 tai myöh.]	1794	1794	1
MDCCXCIV [1794]	1794	1794	1
år 1748.	1748	1748	1
anno MDCCXCIX. [1799]	1799	1799	1
[1728--1733]	1728	1733	1
[1720--1724]	1720	1724	1
anno 1724.	1724	1724	1
anno 1720.	1720	1720	1
åhr 1752.	1752	1752	1
[1730--1749]	1730	1749	1
[1760 tai 1761]	NA	NA	1
år 1760.	1760	1760	1
[1785--1802?]	NA	NA	1
[1761--1779?]	NA	NA	1
[wuonna 1755]	1755	1755	1
[wuonna 1732]	1732	1732	1
[1800 tai 1801]	NA	NA	1
1731-1732.	1731	1732	1
[1771--1779?]	NA	NA	1
åhr 1715.	1715	1715	1
wuonna 1760.	1760	1760	1
år 1764.	1764	1764	1
1793	1793	1793	1
anno 1762.	1762	1762	1
[n. 1770]	1770	1770	1
[1800--1803]	1800	1803	1
[176-?]	NA	NA	1
im Jahr 1738.	1738	1738	1
[1768],;2:o.	1768	1768	1
[1738--1740]	1738	1740	1
[1784];4:o.	1784	1784	1
[1786?]	1786	1786	1
[1775?]	1775	1775	1
år 1778.	1778	1778	1
[1798] Turku.	1798	1798	1
[1797] Turku.	1797	1797	1
[1792] Turku.	1792	1792	1
1791-1799.	1791	1799	1
1789-1789.	1789	1789	1
1771-1785.	1771	1785	1
1775-1776.	1775	1776	1
år 1782	1782	1782	1
