original	publication_interval_from	publication_interval_till	Count
Total count: 	2745		
1902	1902	1902	25
1910	1910	1910	25
1913	1913	1913	23
1901	1901	1901	21
1914	1914	1914	21
1908	1908	1908	19
1909	1909	1909	18
1911	1911	1911	17
1904	1904	1904	16
1912	1912	1912	16
1915	1915	1915	15
1903	1903	1903	14
1910-1914	1910	1914	14
1916	1916	1916	13
1899	1899	1899	11
1905	1905	1905	11
1912-1913	1912	1913	11
1900	1900	1900	11
1906	1906	1906	11
1911-1914	1911	1914	10
1912-1914	1912	1914	10
1911-1913	1911	1913	10
1908-1914	1908	1914	10
1907	1907	1907	10
1913-1914	1913	1914	10
1887	1887	1887	 9
1908-1909	1908	1909	 9
1917	1917	1917	 9
1894	1894	1894	 8
1889	1889	1889	 7
1884-1885	1884	1885	 7
1895	1895	1895	 7
1898	1898	1898	 7
1910-1915	1910	1915	 7
1879	1879	1879	 6
1884	1884	1884	 6
1897-1906	1897	1906	 6
1905-1914	1905	1914	 6
1891	1891	1891	 6
1893	1893	1893	 6
1912-1915	1912	1915	 6
1909-1914	1909	1914	 6
1914-1915	1914	1915	 6
1915-1916	1915	1916	 6
[1901]	1901	1901	 5
1892	1892	1892	 5
1906-1909	1906	1909	 5
[1900]	1900	1900	 5
1910-1913	1910	1913	 5
1907-1914	1907	1914	 5
1901, 0	1901	1901	 4
1892-1895	1892	1895	 4
1897	1897	1897	 4
1904-1905	1904	1905	 4
1902-1905	1902	1905	 4
1901-1902	1901	1902	 4
1903-1905	1903	1905	 4
1899-1905	1899	1905	 4
1905-1913	1905	1913	 4
1906-1912	1906	1912	 4
1910-1911	1910	1911	 4
1914-1916	1914	1916	 4
1903-1911	1903	1911	 4
1913-1916	1913	1916	 4
1913-1915	1913	1915	 4
1911-1912	1911	1912	 4
[1913]	1913	1913	 4
1907-1908	1907	1908	 4
1900, 0	1900	1900	 4
1889, 1-1890, 12	1889	1890	 4
1908-1916	1908	1916	 4
1902, 0	1902	1902	 3
1891-1895	1891	1895	 3
1903-1904	1903	1904	 3
1891-1899	1891	1899	 3
1886-1890	1886	1890	 3
1888-1889	1888	1889	 3
1885	1885	1885	 3
1901-1905	1901	1905	 3
1907-1912	1907	1912	 3
1905-1910	1905	1910	 3
1883	1883	1883	 3
1908-1915	1908	1915	 3
1908-1911	1908	1911	 3
1886-1887	1886	1887	 3
1892-1894	1892	1894	 3
1896-1907	1896	1907	 3
1902-1903	1902	1903	 3
1888-1903	1888	1903	 3
1900-1903	1900	1903	 3
1885-1907	1885	1907	 3
1905-1906	1905	1906	 3
[1](1906)-2(1907)	1906	1907	 3
1905-1907	1905	1907	 3
1898-1906	1898	1906	 3
1907-1909	1907	1909	 3
1915-1917	1915	1917	 3
1902-1908	1902	1908	 3
1912-1916	1912	1916	 3
1907-1913	1907	1913	 3
1(1907)	1907	1907	 3
1(1906)	1906	1906	 3
1904-1912	1904	1912	 3
1909-1915	1909	1915	 3
1911-1915	1911	1915	 3
1910-1916	1910	1916	 3
1912, 0	1912	1912	 3
1905, 0	1905	1905	 3
1 (1916)-3 (1917)	1916	1917	 2
1. vsk. (1900)	1900	1900	 2
1 (1912)-6 (1917)	1912	1917	 2
1902, n:o 0	1902	1902	 2
1909-1910	1909	1910	 2
1897, 0	1897	1897	 2
20.2.1884	1884	1884	 2
1890, 0	1890	1890	 2
1890-1893	1890	1893	 2
1891-1894	1891	1894	 2
1886-1888	1886	1888	 2
läseåret 1885/1886-läseåret 1894/1895	1885	1895	 2
1889/1890	1889	1889	 2
läseåret 1888/1889-läseåret 1889/1890	1888	1890	 2
läseåret 1885/1886-läseåret 1889/1890	1885	1890	 2
1888-1891	1888	1891	 2
1890	1890	1890	 2
1889-1890	1889	1890	 2
1889-1892	1889	1892	 2
1884-1888	1884	1888	 2
1885-1899	1885	1899	 2
1887/1888	1887	1887	 2
1902-1912	1902	1912	 2
1902-1911	1902	1911	 2
1895-1897	1895	1897	 2
1896	1896	1896	 2
1896-1899	1896	1899	 2
1898-1907	1898	1907	 2
1888-1912	1888	1912	 2
1881-1882	1881	1882	 2
1888	1888	1888	 2
1885-1887	1885	1887	 2
1888-1890	1888	1890	 2
2(1885)-3(1887)	1885	1887	 2
1882-1894	1882	1894	 2
1892-1893	1892	1893	 2
1888-1895	1888	1895	 2
1(1894)	1894	1894	 2
1888-1899	1888	1899	 2
1885-1905	1885	1905	 2
1890/1891-1913/1914	1890	1914	 2
3(1900)	1900	1900	 2
1901-1903	1901	1903	 2
1908, 00	NA	1908	 2
1897-1915	1897	1915	 2
1(1900)	1900	1900	 2
2(1900)	1900	1900	 2
1902-1904	1902	1904	 2
1901-1904	1901	1904	 2
1913/1914-1914/1915	1913	1915	 2
1 (1909)-2 (1910)	1909	1910	 2
1. vsk.(1910)	1910	1910	 2
1895-1905	1895	1905	 2
1901-1906	1901	1906	 2
7(1911)	1911	1911	 2
1(1908)-7(1914)	1908	1914	 2
1(1906)-2(1907)	1906	1907	 2
1916/1917	1916	1916	 2
2(1912)	1912	1912	 2
1(1910)-4(1913)	1910	1913	 2
1(1899)-5(1912)	1899	1912	 2
1890-1917	1890	1917	 2
1 (1909)-3 (1911)	1909	1911	 2
1906-1914	1906	1914	 2
1909-1916	1909	1916	 2
1912-1917	1912	1917	 2
1894-1915	1894	1915	 2
1894-1901	1894	1901	 2
1900-1902	1900	1902	 2
1914, näyten:o	1914	1914	 2
1906-1911	1906	1911	 2
1908-1912	1908	1912	 2
1907-1910	1907	1910	 2
1906-1908	1906	1908	 2
1(1907)-2(1908)	1907	1908	 2
1(1906)-3(1911)	1906	1911	 2
1(1907)-4(1910)	1907	1910	 2
1911-1916	1911	1916	 2
1908-1910	1908	1910	 2
1916-1917	1916	1917	 2
1917, näyten:o	1917	1917	 2
5(1917)	1917	1917	 2
5(1913)-1917	1913	1917	 2
[1908]	1908	1908	 2
[1907]	1907	1907	 2
[1912]	1912	1912	 2
[1904]	1904	1904	 2
[1911]	1911	1911	 2
1900-1904	1900	1904	 2
1909, 1-1917, 12	1909	1917	 2
1901, 1-1902, 42	1901	1902	 2
1914, 1	1914	1914	 2
1908, 1-1909, 2	1908	1909	 2
1895, 1-1901, 9	1895	1901	 2
1910, n:o 1-1917, n:o 6	1917	1917	 2
1891, 0-1905, 51	1891	1905	 2
1888, 1-1901, 6	1888	1901	 2
1915, näyten:o	1915	1915	 2
1901, 1-1902, 1	1901	1902	 2
1912, 1-1915, 8	1912	1915	 2
1891, 1-1892, 4	1891	1892	 2
1898, 1-1899, 2	1898	1899	 2
1900, n:o 0	1900	1900	 2
1912, 1-2	1912	1912	 2
1908, 1-1917, 6	1908	1917	 2
1893, 0-1903, 6	1893	1903	 2
1862, n:o 1-1863, n:o 12	1863	1863	 2
1907, 1-1917, 6	1907	1917	 2
1901, 0-1901, 0	1901	1901	 2
1906, 1-1906, 1	1906	1906	 2
1914, 1-3	1914	1914	 2
1908, näyten:o	1908	1908	 2
1. vsk.(1882), 1 -51. vsk.(1923), 86	1882	1923	 1
1. vsk.(1873), 1 -10. vsk.(1882), 26	1873	1882	 1
näytenumero (1916), 0 - 1. vsk.(1917), 100	NA	1917	 1
1. vsk.(1896), 0 - 3. vsk.(1898), 32	1896	1898	 1
1. vsk.(1886), 0 - 3. vsk.(1888), 16	1886	1888	 1
1. vsk.(1879)-[23. vsk.(1902)]	1879	1902	 1
1901-1912	1901	1912	 1
1 (1905)	1905	1905	 1
2 (1911)-1919	1911	1919	 1
1935	1935	1935	 1
1930, heinäkuun 28-31 p.-1935, kesäkuun 17-20 p	1930	1935	 1
1900/1901-1930/1931	1900	1931	 1
1916-1936	1916	1936	 1
1 (1892)-2 (1905)	1892	1905	 1
1905-1911	1905	1911	 1
1. årg. (1880)-7. årg. (1887/1888) = 1. vsk. (1880)-7. vsk. (1887/1888)	1880	1888	 1
[1. p.] (1905)-3. p. (1914)	1905	1914	 1
1. vsk. (1876) = 1. årg. (1876) = 1. izd. (1876)	1876	1876	 1
1820/1872-1848/1872	1820	1872	 1
den 15 och 16 juni (1892)-den 20 och 21 juni (1917)	1892	1917	 1
1897-1901	1897	1901	 1
[1] (1889)-5 (1902)	1889	1902	 1
1859-1861	1859	1861	 1
1902/1903-1911/1912	1902	1912	 1
1887-1888	1887	1888	 1
1906/1907	1906	1906	 1
1:nen vsk. (1899/1900)	1899	1900	 1
1904/1905-1908/1909	1904	1909	 1
1878	1878	1878	 1
1914/1915-1917/1918	1914	1918	 1
1910/1911-1913/1914	1910	1914	 1
1904/1905-1909/1910	1904	1910	 1
juni 1883/juni 1884-juni 1884/juni 1885	1883	1885	 1
1889/1890-1915/1916	1889	1916	 1
1847, maj-1848, december	1847	1848	 1
vol. 1, no. 1 (1915)-vol. 3, no. 12 (1917)	1915	1917	 1
1914, tammikuu-heinäkuu	1914	1914	 1
vol.1., no. 1 (1910)-vol. 1., no. 3 (1911)	1910	1911	 1
1913-[1915?]	1913	1915	 1
[1] (1914)-3 (1916)	1914	1916	 1
1891/1892, 1-1895/1896, 12	1891	1896	 1
1892, 1-1913, 8	1892	1913	 1
1:nen wuosik., n:o 1 (1900)-2:nen wuosik., n:o 1 (1902)	1900	1902	 1
1 (1902)-33 (1904)	1902	1904	 1
1 vuosik., n:o 1 (1892)-5 vuosik., n:o 11/12 (1896)	1892	1896	 1
1 (1915)-2 (1916)	1915	1916	 1
vol. xxxi., no 11 (1972)	1972	1972	 1
1900/1907-1909	1900	1909	 1
1915-[19??]	1915	1919	 1
1898-1904	1898	1904	 1
12:sta vsk. (1913)	1913	1913	 1
[1] (1908)-2 (1909)	1908	1909	 1
5 (1910)- 12 (1917)	1910	1917	 1
[1894]-1897	1894	1897	 1
3.4.1904	1904	1904	 1
10 (1889)	1889	1889	 1
1 (1861)-2 (1862)	1861	1862	 1
[1914]-[1915]	1914	1915	 1
1916, n:o 1-1917, n:o 30	1917	1917	 1
årg. 1, no 1 (januari 1832)-årg. 3, no 11/12 (nov. och dec. 1834)	1832	1834	 1
1903, häft 1-1904, häft 49	1903	1904	 1
[2. vsk.] (1902), 51-4. vsk. (1904), 41	1902	1904	 1
1900, [1]-1902, 50	1900	1902	 1
n:o 1 (4-go maâ 1917 goda)-n:o 14 (23-go sent. 1917 goda)	1917	1917	 1
n:o 00 (1887)-n:o 101 (1892) ; 1893, n:o 1-1896, n:o 21 ; n:o 1 (1897)-n:o 114 (1906)	NA	1906	 1
1 (1879)-3/4 (1903)	1879	1903	 1
1894, [1]	1894	1894	 1
1901, [1]	1901	1901	 1
1. årg. (1881)	1881	1881	 1
1874, n:o 1-1874, n:o 3	1874	1874	 1
[årg. 1] (1893), 1-årg. 19 (1911), 22	1893	1911	 1
1. årg. (1903), 1-5. årg. (1907), 7	1903	1907	 1
1907, 1-1911, 12	1907	1911	 1
1834, 1-1836, 42 [?]	1834	1836	 1
1882, [första häftet]-1882, fjerde häftet	1882	1882	 1
1. årg. (1883)-3. årg. (1885)	1883	1885	 1
3. vsk., 7 (1912)-12. vsk., 52 (1917)	1912	1917	 1
1909, näytenro ; 1. vsk., 1 (1910)-3. vsk., 6 (1912)	1909	1912	 1
1907, 1-1909, 6	1907	1909	 1
1906, n:o 1	1906	1906	 1
n:o 1 (1887)-n:o 64 (1895)	1887	1895	 1
1896, lokakuun 5 p:nä-[19--?]	1896	1896	 1
1 (1900)	1900	1900	 1
1890, 1	1890	1890	 1
1909, n:o 1-1909, juln:r	1909	1909	 1
1901, den 3 oktober-1901, den 29 december ; 1903, n:o 1-1904, 5 [6] ; 1904, den 20 april-1904, den 15 oktober	1901	1904	 1
1904, 18 februari-10 april	1904	1910	 1
n:o 1 (1912)-n:o 6 (1914)	1912	1914	 1
1899, d. 16 april	1899	1899	 1
1899, d. 14 april	1899	1899	 1
1899, d. 10 april	1899	1899	 1
1899, d. 9 april	1899	1899	 1
1899, fredagen den 7 april	1899	1899	 1
1900, 1-2-1905, 30 november	1900	1905	 1
1900-1901	1900	1901	 1
1901, 1-15	1901	1901	 1
1903, 1-12 ; 1 (1903)-12 (1904)	1903	1904	 1
1905, 1-6	1905	1905	 1
1 (1900)-25 (1902)	1900	1902	 1
1901, december-1902,maj ;1902, den 2 maj-1903, den 12 mars	1901	1903	 1
1 (1900)-24 (1905)	1900	1905	 1
1896, joulukuu	1896	1896	 1
1892, 0	1892	1892	 1
1896-1915	1896	1915	 1
20:nes vuosisata 1901	1901	1901	 1
1898, n:o 1-1898, n:o 3	1898	1898	 1
[1] (1898)-19 (1916)	1898	1916	 1
1910, kesäkuu	1910	1910	 1
1907, [1]	1907	1907	 1
1913, 1-47	1913	1913	 1
1906, januari-december	1906	1906	 1
3.12.1900	1900	1900	 1
1907, profnr 1	1907	1907	 1
8.3.1908	1908	1908	 1
1889-1891	1889	1891	 1
17.8.1880	1880	1880	 1
19.3.1882	1882	1882	 1
1.5.1901, a-b	1901	1901	 1
1915, n:o 1	1915	1915	 1
26.2.1888	1888	1888	 1
18.2.1901, 0	1901	1901	 1
1875, 1	1875	1875	 1
17.3.1901	1901	1901	 1
1900, 0/1	1900	1900	 1
1900, 0-1906, 000	1900	1906	 1
[1899]	1899	1899	 1
[1899]-1901, 1	1899	1901	 1
1915, 1-näytenro 2	1915	1915	 1
[1914]	1914	1914	 1
1899, n:o 6	1899	1899	 1
hölyn-pölyn päiwänä 1898	1898	1898	 1
laskiaissunnunt. 1896	1896	1896	 1
1898, n:o 0	1898	1898	 1
24.2.1885	1885	1885	 1
vår-terminen 1873-höst-terminen 1875	1873	1875	 1
1903, profnummer-1905, 125	NA	1905	 1
[1902?]	1902	1902	 1
1(1856) - 6(1861)	1856	1861	 1
1890-1914	1890	1914	 1
1910, 1-1911, 3	1910	1911	 1
[1893]-1895	1893	1895	 1
jakkodak 1 (1899), no 1-jakkodak 5 (1903), no 12	1899	1903	 1
vol. 1 (1901/1902), n:o 1-vol. 13 (1914), n:o 3	1914	1914	 1
aarg. 1 (1896/1897)-aarg. 22 (1917)	1896	1917	 1
1910, joulukuulla	1910	1910	 1
årg. 1 (1849), häft 1-årg. 3 (1851), häft 4	1849	1851	 1
1(1905)-5(1915)	1905	1915	 1
1881-1889	1881	1889	 1
1874-	1874	1874	 1
1845-	1845	1845	 1
1 (1892)-12 (1909)	1892	1909	 1
1881, toukokuun 12 päivänä	1881	1881	 1
1888, den 10 mars	1888	1888	 1
1888, maaliskuun 10 p	1888	1888	 1
1890-1901	1890	1901	 1
1898-1909	1898	1909	 1
1895, 1	1895	1895	 1
1896, elokuun 2 p:nä	1896	1896	 1
1902, 3 p. marraskuuta	1902	1902	 1
10 p. lokakuuta (1884)-n:o 2 (1886)	1884	1886	 1
1906, n:o 1-1906, n:o 26	1906	1906	 1
1873, den 25 mars	1873	1873	 1
1896-1904	1896	1904	 1
1914, 1 - 1915, 12	1914	1915	 1
1899-1900	1899	1900	 1
1 (1911)	1911	1911	 1
[1909]	1909	1909	 1
1880	1880	1880	 1
1897-1898	1897	1898	 1
1881-1901	1881	1901	 1
1878-1879 ; 1888	1878	1888	 1
n:o 1 (23 maâ/5 iûlâ 1917)-n:o 22 (16/29 dekabrâ 1917)	1917	1917	 1
3.10.1821	1821	1821	 1
1901-2, (1902)	1901	1902	 1
26.1.[1875]	1875	1875	 1
0 (19.11.1896)-00 (17.12.1896)	1896	1896	 1
100 (27.3.1886)	1886	1886	 1
0 (28.3.1885)	1885	1885	 1
0, 1899	1899	1899	 1
14.11.1885	1885	1885	 1
0 (1896)	1896	1896	 1
1 (1870)-2 (1879)	1870	1879	 1
skott-dagen 1880	1880	1880	 1
1880-1894	1880	1894	 1
12.3.1887	1887	1887	 1
0 (1900)	1900	1900	 1
n:o ? (1911)	1911	1911	 1
0 (1894)-0 (1901)	1894	1901	 1
0 (1901)	1901	1901	 1
0 (1902)	1902	1902	 1
1 (1875)-2 (1876)	1875	1876	 1
1 (1.4.1887)	1887	1887	 1
28.1.1876	1876	1876	 1
4.1.1868, 1	1868	1868	 1
1 (9.3.1887)	1887	1887	 1
4.1.1868, 1-2	1868	1868	 1
13.2.1898	1898	1898	 1
[1886]	1886	1886	 1
vappu 1910	1910	1910	 1
22.3.1883	1883	1883	 1
00 (11.4.1886)	1886	1886	 1
1882-1887	1882	1887	 1
maj 1870	1870	1870	 1
0 (24.2.5881 [po. 1885])	1885	1885	 1
18.3.1888	1888	1888	 1
31.5.1891	1891	1891	 1
1912, 00	NA	1912	 1
1896, 0	1896	1896	 1
0 (15.2.1896)	1896	1896	 1
23.2.1882	1882	1882	 1
0 (13.1.1885)	1885	1885	 1
1.5.1914	1914	1914	 1
1911, 0	1911	1911	 1
1916, 7	1916	1916	 1
1893, 0	1893	1893	 1
17.9.1901	1901	1901	 1
[1902]	1902	1902	 1
[1893]	1893	1893	 1
lokakuu 1904	1904	1904	 1
1912, 0-1913	1912	1913	 1
1871, 1-1876, ?	1871	1876	 1
maj 1891	1891	1891	 1
1870, 1	1870	1870	 1
1883-1884	1883	1884	 1
1905, ?	1905	1905	 1
1.3.1891	1891	1891	 1
1891, 1. maj-1892, maj	1891	1892	 1
1889, 0	1889	1889	 1
1901, 00	NA	1901	 1
22.2.1887, 0	1887	1887	 1
1885, 0	1885	1885	 1
1892, wihko 1	1892	1892	 1
1901, 000	NA	1901	 1
1907-1913, 0	1907	1913	 1
010 (12.2.1899)	1899	1899	 1
december 1900	1900	1900	 1
[1898]-1905	1898	1905	 1
1884, 0-1900	1884	1900	 1
midsommardagen 1870, 1	1870	1870	 1
59 (9.3.1884)	1884	1884	 1
24.2.1881	1881	1881	 1
[22.3.1883]	1883	1883	 1
23.1.1889	1889	1889	 1
1882	1882	1882	 1
1883, n:o 364	1883	1883	 1
3.4.1880	1880	1880	 1
17.1.1878	1878	1878	 1
midsommaraftonen 1883	1883	1883	 1
0 (7.2.1875)	1875	1875	 1
[1881]	1881	1881	 1
24.2.1876	1876	1876	 1
[28.1.1882]	1882	1882	 1
1 (30.3.1895)	1895	1895	 1
18.4.1885	1885	1885	 1
[1] (1866)-8 (1873)	1866	1873	 1
4.2.1883	1883	1883	 1
1840, 1-1840, 52	1840	1840	 1
1845-1846	1845	1846	 1
1887-1897	1887	1897	 1
1847-1848	1847	1848	 1
1839-1841	1839	1841	 1
1896, 1	1896	1896	 1
1912, kesäkuu-1915, kesäkuu	1912	1915	 1
1870	1870	1870	 1
n:o 1-n:o 24 (1900)	1900	1900	 1
no. 1(10.12.1903)-no.  8(10.3.1904)	1903	1904	 1
n:o 1 (30 ìûlâ 1917 g.)-n:o 9 (24 sentâbrâ 1917 g.)	1917	1917	 1
god' 1-j, n:o 1 (sentâbr 1908 god')- god' 3., n:o 10 (25 maâ=7 iûlâ 1910 goda)	1908	1910	 1
noâbr' 1899 goda-oktâbr'/dekabr' 1900 goda ; vypusk' 7 (1901 god' po 1 oktâbrâ)-vypusk' 22	1899	1901	 1
1892-1896	1892	1896	 1
1885, joulukuun 27 p	1885	1885	 1
1 (1870)-6 (1899)	1870	1899	 1
22.1.[1888]	1888	1888	 1
[1890]	1890	1890	 1
1895/1896-1899/1900	1895	1900	 1
1852/1887-1899/1914	1852	1914	 1
1899-1906	1899	1906	 1
1893, 1-1893, 4	1893	1893	 1
1893, 1896	1893	1896	 1
1891-1898/1899	1891	1899	 1
1884/1890, 1891-1895	1884	1895	 1
1893-1894	1893	1894	 1
1894/1895-1899/1900	1894	1900	 1
1891, 1893	1891	1893	 1
1889/1894-1899/1900	1889	1900	 1
1890, 1881/1891	1881	1891	 1
1892-1897	1892	1897	 1
24.2.1892	1892	1892	 1
1893, 1895-1899/1900	1893	1900	 1
1893-1899	1893	1899	 1
1895-1899	1895	1899	 1
1890-1892	1890	1892	 1
1885-1901	1885	1901	 1
1886-1915	1886	1915	 1
1891, 1897	1891	1897	 1
1883/1891	1883	1883	 1
1890-1903	1890	1903	 1
1885-1892	1885	1892	 1
1(1897)-7(1911)	1897	1911	 1
[1] (1860)-11 (1903)	1860	1903	 1
1886	1886	1886	 1
läseåret 1886/1887	1886	1886	 1
12.2.1888	1888	1888	 1
för år 1884	1884	1884	 1
årg. 1894-årgång 1896	1894	1896	 1
1893-1897	1893	1897	 1
10(1892)-11(1906)	1892	1906	 1
2(1892)	1892	1892	 1
årg. 1(1891)-årg. 4(1894)	1891	1894	 1
läseåren 1888/1893-läseåren 1894/1895	1888	1895	 1
1. årg. (1894)	1894	1894	 1
fastlagstisdagen 1895-november 1897	1895	1897	 1
1(1893/1894)-1899	1893	1899	 1
hösten 1892/hösten 1893	1892	1893	 1
1892/1893	1892	1892	 1
1893/1894	1893	1893	 1
sommaren 1893	1893	1893	 1
1892-1899	1892	1899	 1
för åren 1888/1890	1888	1888	 1
16(1885)31(1899)	1885	1899	 1
1 (1890)-6, 1 (1897)	1890	1897	 1
5(1887)-7(1888) ; 1889, band 1-1890, band 3	1887	1890	 1
1888/1889	1888	1888	 1
läseåret 1889/1890	1889	1889	 1
läseåren 1884/1885 och 1885/1886-läseåren 1892/1893-1893/1894	1884	1894	 1
1887-1894	1887	1894	 1
1(1887)-2(1892)	1887	1892	 1
läseåret 1885/1886-läseåret 1895/1896	1885	1896	 1
läseåret 1885/1886-1890/1891	1885	1891	 1
läseåret 1888/1889	1888	1888	 1
1. årg. 1886-1909	1886	1909	 1
1877-1886	1877	1886	 1
3(1885/1886)-4(1886 & 1887)	1886	1887	 1
för året 1886	1886	1886	 1
1887-1889	1887	1889	 1
26.11.1887, 1	1887	1887	 1
1.8.1885/1.8.1886-1.8.1888/1.8.1889	1885	1889	 1
1886-1895	1886	1895	 1
läroåret 1885/1886-läroåret 1889/1890	1885	1890	 1
för 1883/1885-för 1889	1883	1889	 1
4. läseåret (1885/1886)-7. läseåret (1888/1889)	1885	1889	 1
läseåret 1887/1888	1887	1887	 1
[1]1887-2(1890)	1887	1890	 1
1884/1886-1892/1894	1884	1894	 1
1881/1884-1885/1887	1881	1887	 1
1887/1889-1894/1895	1887	1895	 1
1885/1887	1885	1885	 1
1887/1889	1887	1887	 1
1885-1895	1885	1895	 1
9(1887)	1887	1887	 1
1887-1895	1887	1895	 1
1886/1887	1886	1886	 1
1887/1888-1888/1889	1887	1889	 1
1881/1887	1881	1881	 1
1884/1887	1884	1884	 1
1886-1893	1886	1893	 1
1883/1885	1883	1883	 1
1898-1905	1898	1905	 1
1901-oktober 1902/april 1903	1901	1903	 1
1891-1904/1905	1891	1905	 1
30. lokak. 1899	1899	1899	 1
1(1899/1900)-3(1903)	1899	1903	 1
1881/1882-1899/1900	1881	1900	 1
näytenumero(21. kesäk. 1900)	1900	1900	 1
näytenumero 0(5. juli 1902)-serie 4(6. sept. 1902)	1902	1902	 1
1885-1904/1905	1885	1905	 1
[1903-1905]	1903	1905	 1
1885-1904	1885	1904	 1
1903(1904)	1903	1904	 1
1902/1903	1902	1902	 1
1891-1897	1891	1897	 1
1(1892/1893)-5(1899/1900)	1892	1900	 1
1897-1903	1897	1903	 1
läsåret 1892/1893-läsåret 1904/1905	1892	1905	 1
4(1887)-10(1903)	1887	1903	 1
2(1900)-4(1904)	1900	1904	 1
2(1893)-5(1911)	1893	1911	 1
9(1899)	1899	1899	 1
1875-1876	1875	1876	 1
1867-1904/1905	1867	1905	 1
1867-1882	1867	1882	 1
1897-1899	1897	1899	 1
1893-1903	1893	1903	 1
1 (1896)-4 (1901)	1896	1901	 1
juni 1896	1896	1896	 1
1897-1900	1897	1900	 1
1894-1896	1894	1896	 1
1891, n:o 1-1905, n:o 5	1905	1905	 1
för år 1884-för år 1903	1884	1903	 1
[1896]-1899	1896	1899	 1
1891-1915	1891	1915	 1
1888-1904	1888	1904	 1
1896 (6. årg.)-1901 (11. årg.)	1896	1901	 1
1888-1904/1905	1888	1905	 1
1886-1900	1886	1900	 1
vinteruppl. 1897/1898-sommaruppl. 1898	1897	1898	 1
1894-1898	1894	1898	 1
1. uppl. (1871)-8. uppl. (1903)	1871	1903	 1
[1.] årg. (1900)-17. årg. (1917)	1900	1917	 1
1882/1888-1901/1905	1882	1905	 1
1885/1887-1900/1903	1885	1903	 1
1891/1893-1915	1891	1915	 1
1882/1887-1900/1903	1882	1903	 1
1894/1896-1900/1904	1894	1904	 1
1894-1897	1894	1897	 1
januari 1891/mars 1894-1899	1891	1899	 1
1897-1905	1897	1905	 1
1878-1899/1900	1878	1900	 1
[1.] årg. (1862)-33. årg. (1896/1897)	1862	1897	 1
1900/1901-1901/1902	1900	1902	 1
1894/1895-1901/1902	1894	1902	 1
1900, 1-1900, 2	1900	1900	 1
1908, december-1914, december	1908	1914	 1
n:o 5(1906)-n:o 10(1911)	1906	1911	 1
1891-1908	1891	1908	 1
1910, december-1911, december	1910	1911	 1
1899-1913	1899	1913	 1
1909-1912	1909	1912	 1
1888-1909	1888	1909	 1
1847, 1-1849, 7	1847	1849	 1
näyttönumero 0 (jouluk. 1876)-1877, 12	1876	1877	 1
1893/1907-1913	1893	1913	 1
n:o 1(december 1909)	1909	1909	 1
julen 1911-julen 1913	1911	1913	 1
1887-1914	1887	1914	 1
1. årg. (1907)-3. årg. (1909)	1907	1909	 1
[1906]-1915	1906	1915	 1
1909-1910, l-ö	1909	1910	 1
8. årg.(1906)-16. årg.(1914)	1906	1914	 1
[1] (1912)- 2 (1913)	1912	1913	 1
1870/1887-1909/1910	1870	1910	 1
1903-1912	1903	1912	 1
n:o 1 (oktober 1912)-n:o 2 (december 1912)	1912	1912	 1
1 (1884)-14 (1907)	1884	1907	 1
1 (1912)	1912	1912	 1
1891/1893-1914	1891	1914	 1
1888/1890-1909/1910	1888	1910	 1
10(1912)	1912	1912	 1
1888/1890-1910/1911	1888	1911	 1
1898-1912/1914	1898	1914	 1
1888/1890-1912	1888	1912	 1
[1914]-1915	1914	1915	 1
n:o 1(maj 1908)-n:o 5(maj 1913)	1908	1913	 1
1909-1913	1909	1913	 1
1902/1903-1914/1915	1902	1915	 1
1. årg. (1889/1890)-27. årg. (1915/1916)	1889	1916	 1
n:o 1(1895)-n:o 20(1914)	1895	1914	 1
[1910]-1911	1910	1911	 1
n:o 1(1914)	1914	1914	 1
1 (1900)-2 (1901)	1900	1901	 1
1897-1913	1897	1913	 1
1904/1905-1906/1907	1904	1907	 1
1 nov. 1906/31 april 1907-1 november 1909/1 maj 1910	1906	1910	 1
1. årg.(1914)	1914	1914	 1
4(1906)-7(1914)	1906	1914	 1
6(1890)-12(1909)	1890	1909	 1
6(1890)-11(1907)	1890	1907	 1
1891, 0	1891	1891	 1
1902-1913	1902	1913	 1
1(1904)-4(1907)	1904	1907	 1
4(1908)-6(1914)	1908	1914	 1
1888-1914	1888	1914	 1
1909, n:o 0-000	1909	1909	 1
1913, n:o 1-1913, n:o 4	1913	1913	 1
13.3.1892	1892	1892	 1
1886-1912	1886	1912	 1
1906, n:o 1-19??	1906	1906	 1
2[1912]-3(1913)	1912	1913	 1
4(1896)-[9](1911)	1896	1911	 1
3(1878/1884)-14(1912/1914)	1878	1914	 1
1902-1915	1902	1915	 1
1905-1917	1905	1917	 1
1 (1860)-7 (1882)	1860	1882	 1
1874/1875-1877	1874	1877	 1
1879/1880	1879	1879	 1
kevätlukukausi 1879-syyslukukausi 1879	1879	1879	 1
wsk. 1 (1869)-wsk.10 (1879)	1869	1879	 1
1870/1875-1883	1870	1883	 1
1882-1883	1882	1883	 1
1880-1883	1880	1883	 1
1 (1901)	1901	1901	 1
1. wsk. (1881)-2. wsk. (1882)	1881	1882	 1
1. vsk.(1881)-4. vsk. (1884)	1881	1884	 1
1885-1890	1885	1890	 1
1(1884/1885)-3(1886/1887)	1884	1887	 1
[1](1888)-2(1890)	1888	1890	 1
3(1881)-6(1890)	1881	1890	 1
1. vsk., 1(1890)-3. vsk., 2(1892)	1890	1892	 1
1891, den 2 augusti	1891	1891	 1
1. wsk. (1883)-3. wsk. (1885)	1883	1885	 1
1. vsk. (1888)-2. vsk. (1889)	1888	1889	 1
1885-1888	1885	1888	 1
1910/1911-1914/1915	1910	1915	 1
[1] (1877)-16 (1894)	1877	1894	 1
[1](1913)-2(1914)	1913	1914	 1
[1913]-1915/1916	1913	1916	 1
4(1887)-5(1888)	1887	1888	 1
1906-1913	1906	1913	 1
1910/1911	1910	1910	 1
n:o 1(1911)-n:o 2(1912)	1911	1912	 1
n:o 1(1910)	1910	1910	 1
n:o 1(1906)-n:o 11	1906	1906	 1
7(1908)	1908	1908	 1
vårterminen 1886-1908	1886	1908	 1
1892/1893-1897/1898	1892	1898	 1
1901-1910/1911	1901	1911	 1
1913-1913	1913	1913	 1
1887-1915	1887	1915	 1
1901, maaliskuu-1901, [syyskuu/lokakuu]	1901	1901	 1
n:o 1(1908)	1908	1908	 1
1(1893)	1893	1893	 1
1(1891)	1891	1891	 1
n:o 2(1905)-n:o 13(1915)	1905	1915	 1
1894-1895	1894	1895	 1
1914, maj-1917, april	1914	1917	 1
2(1907)-6(1916)	1907	1916	 1
1. årg.(1908)-10. årg.(1917)	1908	1917	 1
1893-1896	1893	1896	 1
8(1892)	1892	1892	 1
1901-1907	1901	1907	 1
1916-[1917]	1916	1917	 1
1891-1892	1891	1892	 1
1892-1910	1892	1910	 1
1894, näyten:o	1894	1894	 1
2(1884)-7(1892)	1884	1892	 1
1910, n:o 1-7-1917	1910	1917	 1
1916/1917-1917/1918	1916	1918	 1
1(1915)-2(1917)	1915	1917	 1
[1]. vsk.(1895)-5. vsk.(1899)	1895	1899	 1
28.4.1894	1894	1894	 1
[4](1892)-7(1895)	1892	1895	 1
1888-1906	1888	1906	 1
1901/1902, syyskuun 30 päivänä-1905/1906, marraskuun 4 päivänä	1901	1906	 1
1898-1900	1898	1900	 1
1903, häft 1; 1904, häft 1-1905, häft 52	1903	1905	 1
2(1902)-3(1905)	1902	1905	 1
1903,1	1903	1903	 1
1902, n:o 1/3-1902, n:o 10	1902	1902	 1
2 (1902)-3 (1904)	1902	1904	 1
6. vsk.(1900)-10. vsk.(1904)	1900	1904	 1
1. vsk.(1905)	1905	1905	 1
9(1898)	1898	1898	 1
1906-1917	1906	1917	 1
0 (1893)	1893	1893	 1
sommaren 1904-3. årg. (1916)	1904	1916	 1
1 (1908)-2 (1916)	1908	1916	 1
1872, 1 vihko-1905, 2 osa	1872	1905	 1
1904-1915	1904	1915	 1
1896, 0-1910, 12	1896	1910	 1
1 (1893)-7 (1901)	1893	1901	 1
1. vsk.(1879)-23. vsk.(1902)	1879	1902	 1
1 vihko(1885)-3 vihko(1900)	1885	1900	 1
[1912]-[1913]	1912	1913	 1
1893/1894-1911/1912	1893	1912	 1
1907-1911	1907	1911	 1
1896/1897-1906	1896	1906	 1
1908/1909-1914	1908	1914	 1
5(1887)-18(1900)	1887	1900	 1
1885-1897	1885	1897	 1
1895/1896-1913/1914	1895	1914	 1
1904/1905-1914/1915	1904	1915	 1
1905/1906-1907/1908	1905	1908	 1
1898/1899-1913/1914	1898	1914	 1
1893/1894-1906/1908	1893	1908	 1
1(1897)	1897	1897	 1
2(1899)	1899	1899	 1
1898, [1]	1898	1898	 1
1911/1912-1914/1915	1911	1915	 1
1905/1906-1913/1914	1905	1914	 1
1887/1888-1914/1915	1887	1915	 1
13.1.1892	1892	1892	 1
2(1897)	1897	1897	 1
1905/1906-1909/1910	1905	1910	 1
1893-1906	1893	1906	 1
1909/1910-1910/1911	1909	1911	 1
2(1898)	1898	1898	 1
1(1905)	1905	1905	 1
3(1897)-6(1900)	1897	1900	 1
3(1896)-8(1903)	1896	1903	 1
3(1903)	1903	1903	 1
1905, 1-10	1905	1905	 1
[1] (1904)-4 (1908)	1904	1908	 1
0 (1903)-1916	1903	1916	 1
[1] 1902-2 (1903)	1902	1903	 1
1904/1905-1905/1906	1904	1906	 1
1901, n:o 0	1901	1901	 1
1902, n:o 1-1903, n:o 7	1903	1903	 1
5(1907)	1907	1907	 1
2(1909)-1917	1909	1917	 1
2(1909)	1909	1909	 1
[1911]-[1913]	1911	1913	 1
1857-1903	1857	1903	 1
1899, 1-1900, 20 ; 1903, 1-1904, 42	1899	1904	 1
4(1901)-6(1904)	1901	1904	 1
5(1905)	1905	1905	 1
1897-1904	1897	1904	 1
3(1899)	1899	1899	 1
3(1904)	1904	1904	 1
4(1904)	1904	1904	 1
3(1897)-4(1899)	1897	1899	 1
5(1909)	1909	1909	 1
4(1907)	1907	1907	 1
[1](1898)-2(1901)	1898	1901	 1
2(1901)	1901	1901	 1
1903-1907	1903	1907	 1
2. vsk. (1901)-3 vsk. (1903)	1901	1903	 1
3(1902)	1902	1902	 1
[1] (1901)- 4 (1904) ; 1907	1901	1907	 1
1901, n:o 1-1903, n:o 12	1903	1903	 1
1894-1905	1894	1905	 1
1 (1900)-3 (1905)	1900	1905	 1
1899, 1-1901, 24	1899	1901	 1
2(1900)-6(1905)	1900	1905	 1
1898, 1-1899, 12	1898	1899	 1
1905, 1-8/9	1905	1905	 1
1904-1909	1904	1909	 1
1898, 1-1910, 3	1898	1910	 1
1908, [1]-[1917, ?]	1908	1917	 1
3(1902)-7(1909)	1902	1909	 1
1906, 1-1909, 22	1906	1909	 1
1(1895)-15(1909)	1895	1909	 1
[1] (1907)-4 (1910)	1907	1910	 1
1. vsk. (1901)-6. vsk. (1907)	1901	1907	 1
2(1884)-3(1909)	1884	1909	 1
2(1908)	1908	1908	 1
1(1909)	1909	1909	 1
[1] (1891)-4 (1910)	1891	1910	 1
9(1898)-13(1910)	1898	1910	 1
1874-1908	1874	1908	 1
1884-1894	1884	1894	 1
1895-1903	1895	1903	 1
1886/1887-1908	1886	1908	 1
1892, kevätlukukausi-1907, syyslukukausi	1892	1907	 1
1905-1908	1905	1908	 1
1893-1910	1893	1910	 1
1844-1916	1844	1916	 1
1896-1913/1914	1896	1914	 1
1905/1906-1906/1907	1905	1907	 1
1909, 1-1910, 2	1909	1910	 1
1890/1891-1908/1909	1890	1909	 1
1908, 1-1910, 2	1908	1910	 1
1906-1910	1906	1910	 1
[1](1906)-3(1910)	1906	1910	 1
1862/1963-1884/1886	1862	1963	 1
1(1908)-5(1912)	1908	1912	 1
1895/1896-1914	1895	1914	 1
1905-1912	1905	1912	 1
4(1911)-6(1913)	1911	1913	 1
1894/1895-1913	1894	1913	 1
1880/1887-1912	1880	1912	 1
3. årg.(1893)-17. årg.(1906)	1893	1906	 1
1914-1917	1914	1917	 1
2(1907)-3(1910)	1907	1910	 1
[1899]-1905	1899	1905	 1
1909, 1-1910, 24	1909	1910	 1
1910/1911-1916/1917	1910	1917	 1
1903-6(1908)	1903	1908	 1
1. vsk., n:o 1(1895)-[12]. vsk., n:o 3(1906)	1895	1906	 1
joulukuu 1908-tammi/maaliskuu 1909	1908	1909	 1
1913-1917	1913	1917	 1
1905, näyten:o-1907, 12	1905	1907	 1
1 (1899)	1899	1899	 1
5(1908)	1908	1908	 1
[1](1902)-4(1906)	1902	1906	 1
[1](1910)	1910	1910	 1
1. vsk.(1909-1910)	1909	1910	 1
1861-1863	1861	1863	 1
1861-1907	1861	1907	 1
n:o 1 (1900)- n:o 2 (1901)	1900	1901	 1
[4](1906)-5(1910)	1906	1910	 1
1905-1916	1905	1916	 1
1874/1906-1916	1874	1916	 1
[1](1894)	1894	1894	 1
1905, n:o 1-1906, n:o 2	1906	1906	 1
8(1895)-12	1895	1895	 1
1910-1911 ; 4. vsk. (1913)-5. vsk. (1914)	1910	1914	 1
3(1909)	1909	1909	 1
4(1884)	1884	1884	 1
(1885)-17. vaikutusvuosi(1897)	1885	1897	 1
24. vaikutusvuosi(1898)-25. vaikutusvuosi(1905)	1898	1905	 1
1908, 1-51	1908	1908	 1
1908, vappunumero-1910, vappunumero	1908	1910	 1
7(1884/1886)-13(1902/1904)	1884	1904	 1
1904-1914	1904	1914	 1
[1895]-1897	1895	1897	 1
1 (1899)-3 (1901)	1899	1901	 1
1(1906)-3(1912)	1906	1912	 1
1893-1914	1893	1914	 1
2(1906)-4(1912)	1906	1912	 1
1915/1916-[1917/1918?]	1915	1918	 1
1(1911)	1911	1911	 1
1907, n:o 1-1915, n:o 35	1915	1915	 1
1879-1906	1879	1906	 1
2(1901)-5(1911)(4)	1901	1911	 1
8(1914)	1914	1914	 1
1909, kesäkuu	1909	1909	 1
1. vsk.(1911)-2. vsk.(1912)	1911	1912	 1
1 (1905)-2 (1906)	1905	1906	 1
1 (1909)-3 (1911) ; 1912-1915	1909	1915	 1
1900-1914	1900	1914	 1
[1](1911)-2(1912)	1911	1912	 1
1(1907)-6(1913)	1907	1913	 1
2(1907)-9(1912)	1907	1912	 1
1912, n:rot 1-14	1912	1912	 1
1 (1898)	1898	1898	 1
1903-1915	1903	1915	 1
1886-1913	1886	1913	 1
1872-1908	1872	1908	 1
13(1909/1911)-14(1912/1914)	1909	1914	 1
1890-1891	1890	1891	 1
1906-1915	1906	1915	 1
under läseåren 1886/1891-under läseåren 1894/1897	1886	1897	 1
1(1904)-6(1910)	1904	1910	 1
1891-1912	1891	1912	 1
1891-1910	1891	1910	 1
1890/1893-1913	1890	1913	 1
1900-1911	1900	1911	 1
1872-1912	1872	1912	 1
1 (1906)	1906	1906	 1
1915, 1-4	1915	1915	 1
1(1915)-4(1916)	1915	1916	 1
1912, våren-1917, hösten	1912	1917	 1
1(1892)-10(1912)	1892	1912	 1
1903,[1]-1903,den 2 september	1903	1903	 1
[1] (1909)-6 (1915)	1909	1915	 1
1892-1913	1892	1913	 1
[1](1895)-20(1914)	1895	1914	 1
0 (1913)	1913	1913	 1
[1908]-1915	1908	1915	 1
[12]. vsk.(1897)-31. vsk.(1916)	1897	1916	 1
1908, [1]-1912, 6	1908	1912	 1
[1909]-1911	1909	1911	 1
1908-1913	1908	1913	 1
9(1898)-1910	1898	1910	 1
1915/1916	1915	1915	 1
1907/1909-6(1915)	1907	1915	 1
1913/1914-1915/1916	1913	1916	 1
1875-87.toimintavuosi(1915)	1875	1915	 1
10(1912)-13(1915)	1912	1915	 1
[1](1903)-9(1911)	1903	1911	 1
1897/1898-1916	1897	1916	 1
vsk. [1] (1909)-vsk. 2 (1911/1912)	1909	1912	 1
1903, 1-1911, 11	1903	1911	 1
1 (1903)-5 (1907)	1903	1907	 1
1909, 1-1916	1909	1916	 1
[1](1900)- 5(1908)	1900	1908	 1
1909 ; [1912]-1914	1909	1914	 1
1909, [1]-1913, 5	1909	1913	 1
1906, n:o 5-1915, n:o 14	1915	1915	 1
6(1913)	1913	1913	 1
1913, 1-1915, 15	1913	1915	 1
kevätlukukausi 1880-syyslukukausi 1916	1880	1916	 1
1(1914)	1914	1914	 1
4(1908)-5(1912)	1908	1912	 1
1. årg.(1915)-2. årg.(1916)	1915	1916	 1
14(1914)	1914	1914	 1
13(1911)	1911	1911	 1
13(1911)-14(1914)	1911	1914	 1
lukuvuosi 1911-lukuvuosi 1916	1911	1916	 1
1896, 1-1911, 12	1896	1911	 1
1914, 1-12	1914	1914	 1
1898, 1-1915, 5	1898	1915	 1
1907-1915	1907	1915	 1
2(1909)-3(1912)	1909	1912	 1
1909-1910 ; 1912-[1913]	1909	1913	 1
1900-1909	1900	1909	 1
1903-1916	1903	1916	 1
[1]. vsk.(1908)-6. vsk.(1913)	1908	1913	 1
1903-1913	1903	1913	 1
1909-1917	1909	1917	 1
1. vsk.(1908)-9 vsk.(1916)	1908	1916	 1
1908, [1]	1908	1908	 1
(1894), n:o 1-(1912), n:o 7	1912	1912	 1
1911, [1] ; 1913, 2	1911	1913	 1
[1] (1906)-2 (1906)	1906	1906	 1
1. toimintavuosi(1912)-3. toimintavuosi(1914)	1912	1914	 1
2. vsk.(1911)-4. vsk(1913)	1911	1913	 1
1909, n:o 1-1914, n:o 6 = n:o 1 (1909)-n:o 60 (1914)	1909	1914	 1
1908, 1-1911, 1	1908	1911	 1
3(1904-1905)	1904	1905	 1
[1] (1904)-6 (1909)	1904	1909	 1
1888-1917	1888	1917	 1
[1906]	1906	1906	 1
1. vsk.(1908)-2. vsk.(1909)	1908	1909	 1
4(1908)	1908	1908	 1
1 (1907)-6 (1912)	1907	1912	 1
1904-1906 . 1915	1904	1915	 1
6(1903)-7(1903)	1903	1903	 1
[1907]-1910	1907	1910	 1
1-2((1906-1908))	1906	1908	 1
[1](1895)-10(1904)	1895	1904	 1
1 (1907)-9 (1915)	1907	1915	 1
1(1899)-4(1909)	1899	1909	 1
2(1901)-1909	1901	1909	 1
4(1906)	1906	1906	 1
12(1909)-14(1913)	1909	1913	 1
1893-1901	1893	1901	 1
[23](1904)-50(1931)	1904	1931	 1
1915, n:o 1-1916, n:o 8	1916	1916	 1
1 (1916/1917)	1916	1917	 1
1913/1916	1913	1913	 1
1910-1917	1910	1917	 1
1912, n:o 1-1916, n:o 861	NA	1916	 1
1(1907)-1916	1907	1916	 1
1885, 1-1917, 4	1885	1917	 1
1(1907)-7(1917)	1907	1917	 1
n:o 1 (1906)-[4] (1909)	1906	1909	 1
2(1912)-3(1917)	1912	1917	 1
14(1912)-16(1916)	1912	1916	 1
1893-1916	1893	1916	 1
1(1914)-	1914	1914	 1
1 (1910)-2 (1911) ; 1912	1910	1912	 1
1(1990)-7(1911)	1911	1990	 1
15(1917)	1917	1917	 1
1880-1914	1880	1914	 1
1916, 1-1917, 163	NA	1917	 1
1917, 1	1917	1917	 1
2. vsk. (1911)-5. vsk. (1917)	1911	1917	 1
1860-1916	1860	1916	 1
1. vsk.(1879)-40. vsk.(1918)	1879	1918	 1
1. vsk. (1916)	1916	1916	 1
1. vsk., n:o 1(1915)-2. vsk., n:o 24(1917)	1915	1917	 1
4(1905)-8(1913)	1905	1913	 1
1916, n:o 1-1917, n:o 11	1917	1917	 1
5(1913)-6(1915)	1913	1915	 1
1892-1915	1892	1915	 1
2(1912)-4(1914)	1912	1914	 1
1(1905)-12(1916)	1905	1916	 1
1915, 1-1916, 1	1915	1916	 1
6. vsk.(1911)-11. vsk.(1916)	1911	1916	 1
den 30 mai 1908	1908	1908	 1
1909, [1]-2	1909	1909	 1
1911-1917	1911	1917	 1
1907-1917	1907	1917	 1
1. vsk. (1911)-6. vsk. (1916)	1911	1916	 1
1914/1915	1914	1914	 1
1905, 0-1909	1905	1909	 1
1917, 1-8	1917	1917	 1
1907/1908-1910/1914	1907	1914	 1
3. vsk.(1918)	1918	1918	 1
1 (1907)-2 (1908)	1907	1908	 1
1 (1914)	1914	1914	 1
1890, 0-[1891]	1890	1891	 1
1895-1913	1895	1913	 1
1885-1903/1905	1885	1905	 1
1907, 1	1907	1907	 1
[1] (1912)-2 (1913)	1912	1913	 1
[1] (1913)-2 (1914)	1913	1914	 1
1891-1897 ; 1898, 1-1906, 6	1891	1906	 1
1915, gunillan päivänä täyskuunaikana, nro 712	NA	1915	 1
[1911]-[1912]	1911	1912	 1
1(1902)-11(1914)	1902	1914	 1
[1915]-[1916]	1915	1916	 1
1913, 0	1913	1913	 1
[1911]-1912, 0	1911	1912	 1
[1912-1915]	1912	1915	 1
1918, 1	1918	1918	 1
1 (1913)- 9/10 (1917)	1913	1917	 1
[1917]	1917	1917	 1
1869-1911	1869	1911	 1
1916, [1]-[2]	1916	1916	 1
1 (1908)-8 (1915)	1908	1915	 1
1880/1881-1895/1896	1880	1896	 1
1905, n:o 1-1906, n:o 11/12	1906	1906	 1
1876, 1-11	1876	1876	 1
-2:n w.kerta, n:o 39 (lokakuun 3 p. 1902) = n:o 73 ; 1903, n:o 1-1904, n:o 14	1902	1904	 1
1910-1924	1910	1924	 1
1914-1922	1914	1922	 1
1920, 3-1947, 10	1920	1947	 1
1884/1887-1914/1917	1884	1917	 1
1922, heinäkuun 10-14 p.-1950, kesäkuun 19, 20, 21 p	1922	1950	 1
viisi näytenumeroa 16.-29.12.1905 ; 1906-27.12.1910	1905	1910	 1
1.1.1864-21.12.1878	1864	1878	 1
7.1.-3.2.1868	1868	1868	 1
näytenumero 13.12.1873 ; 1874-30.12.1883	1873	1883	 1
5.1.-3.10.1821	1821	1821	 1
18.6.-14.10.1917	1917	1917	 1
näytenumero 19.11.1897 ; 20.11.1897-18.7.1899	1897	1899	 1
näytenumero 7.12.1889 ; 1890-5.9.1901	1889	1901	 1
28.11.1870-31.12.1874	1870	1874	 1
näytenumerot 16.11. ja 30.11.1908 ; 4.1.-1.2.1909	1908	1909	 1
näytenumero 15.11.1911 ; 22.11.1911-24.4.1912	1911	1912	 1
4.1.1823-29.12.1832	1823	1832	 1
1.1.-31.12.1821	1821	1821	 1
2.1.1864-31.12.1881	1864	1881	 1
1.2.1854-31.3.1855	1854	1855	 1
näytenumerot 28.11. ja 22.12.1904 ; 1905	1904	1905	 1
1.10.1875-15.2.1899	1875	1899	 1
1.1.1882-13.6.1901	1882	1901	 1
7.1.1837-3.1.1849	1837	1849	 1
näytenumero 16.12.1880 ; 1881-1893	1880	1893	 1
1.11.-22.12.1913	1913	1913	 1
näytenumerot 7.12. ja 21.12.1895 ; 1896-4.11.1900	1895	1900	 1
24.10.1891-21.7.1900	1891	1900	 1
näytenumero 9.12.1882 ; 1883-30.12.1906	1882	1906	 1
5.1.1820-15.1.1861	1820	1861	 1
2.1.1810-30.12.1819	1810	1819	 1
8.1.1800-30.12.1809	1800	1809	 1
näytenumerot 23.12.1907, 11.1., 17.1., 24.1. ja 31.1.1908 ;  4.2.-11.9.1908	1907	1908	 1
16.3.1901-30.12.1909	1901	1909	 1
kaksi näytenumeroa 13.12.1884 ; 1885-15.3.1901	1884	1901	 1
2.1.1855-31.12.1861	1855	1861	 1
3.10.1888-28.6.1893	1888	1893	 1
näytenumerot 24.11.1906, 4.1. ja 11.1.1907 ; 18.1.1907-23.12.1908	1906	1908	 1
näytenumero 1.3.1881 ; 1.4.-31.12.1881	1881	1881	 1
16.-19.11.1917	1917	1917	 1
näytenumero 31.8.1912 ; 2.10.1912-23.4.1913	1912	1913	 1
3.12.1897-4.1.1899	1897	1899	 1
5.2.1878-26.12.1881	1878	1881	 1
näytenumerot 12.12. ja 21.12.1914 ; 2.1.-22.5.1915	1914	1915	 1
3.1.-19.12.1906	1906	1906	 1
näytenumerot 13.10.1910, 20.1. ja 27.1.1911 ; 3.2.1911-6.9.1912	1910	1912	 1
näytenumero joulukuussa 1900 ; 5.1.-26.4. ja 9.6.-13.7.1901	1900	1901	 1
1.11.1912-30.1.1914	1912	1914	 1
4.1.1877-29.12.1891	1877	1891	 1
14.-19.11.1917	1917	1917	 1
näytenumerot 20.12.1905 ja 10.11.1906 ; 1906-3.10.1913	1905	1913	 1
27.3.1863-31.12.1867	1863	1867	 1
näytenumero 20.11.1874 ; 1875-30.6.1876	1874	1876	 1
näytenumero 7.12.1906 ; 15.1.1907-4.9.1916	1906	1916	 1
näytenumero 10.4.1914 ; 1.5.1914-22.12.1915	1914	1915	 1
15.-20.11.1917	1917	1917	 1
8.1.1820-31.12.1831	1820	1831	 1
12.1.1915-18.3.1917	1915	1917	 1
näytenumerot 10.12.1902 ja 11.1.1905 ; 18.1.1905-30.11.1912	1902	1912	 1
näytenumero 23.6.1898 ; 15.10.1898-25.12.1901	1898	1901	 1
näytenumero 5.12.1870 ; 1871-24.1.1872	1870	1872	 1
2.1.1829-30.12.1831	1829	1831	 1
näytenumero 18.7.1908 ; 25.7.-12.9.1908	1908	1908	 1
näytenumerot 19.9., 26.9., 2.10., 6.10. ja 9.10.1908 ; 16.10.1908-29.12.1909	1908	1909	 1
4.1.1901-12.12.1905	1901	1905	 1
12.1.1847-31.12.1866	1847	1866	 1
4.12.1890-23.12.1905	1890	1905	 1
näytenumerot 30.11. ja 17.12.1898 ; 1.1.-2.2.1899	1898	1899	 1
näytenumero 7.12.1882 ; 1883-30.12.1885	1882	1885	 1
näytenumero 30.12.1896 ; 29.1.1897-1.4.1916	1896	1916	 1
näytenumero 3.6.1882 ; 30.6.1982-19.1.1894	1882	1982	 1
23.1.1894-26.1.1897	1894	1897	 1
näytenumero 17.3.1906 ; 5.6.-31.10.1907	1906	1907	 1
näytenumero 26.2.1898 ; 7.5.1898-30.12.1905	1898	1905	 1
3.1.1914-14.4.1915	1914	1915	 1
näytenumero 13.12.1883 ; 1884-29.12.1885	1883	1885	 1
2.1.1872-29.12.1874	1872	1874	 1
näytenumerot 18.5. (ia ja ib) ja 28.5.1907 ; 1.6.1907-1.7.1911	1907	1911	 1
näytenumero 23.11.1861 ; 1862	1861	1862	 1
näytenumero 16.9.1876 ; 7.10.1876-31.3.1877	1876	1877	 1
9.1.1891-31.12.1891	1891	1891	 1
1.2.1873-22.12.1917	1873	1917	 1
näytenumerot 26.10., 16.11. ja 17.12.1906 ; 1907-23.12.1917	1906	1917	 1
näytenumero 24.12.1850 ; 1851-1.9.1903	1850	1903	 1
3.7.1866-31.8.1900	1866	1900	 1
2.1.-25.6.1866	1866	1866	 1
näytenumerot 30.9. ja 21.10.1911 ; 2.11.1911-31.12.1912	1911	1912	 1
5.1.1833-18.12.1841	1833	1841	 1
näytenumerot 27.11. ja 8.12.1894 ; 1895-30.12.1896	1894	1896	 1
1.6.-7.7.1888	1888	1888	 1
näytenumerot 13.11. ja 18.12.1908 ; 1909-1.4.1910	1908	1910	 1
4.1.1844-31.12.1846	1844	1846	 1
kolme näytenumeroa, joista viimeinen 15.12.1911 ; 5.1.-27.9.1912	1911	1912	 1
näytenumerot 19.11., 1.12., 15.12. ja 22.12.1909 ; 5.1.-30.3.1910	1909	1910	 1
näytenumero 18.9.1889 ; 2.10.1889-28.6.1890	1889	1890	 1
näytenumero 17.11.1896 ; 1897-29.12.1906	1896	1906	 1
näytenumerot 17.11., 14.12. ja 20.12.1906 ; 1907-30.3.1912	1906	1912	 1
30.3.-15.7.1917	1917	1917	 1
näytenumero 4.12.1877 ; 1878-27.12.1882	1877	1882	 1
5.9.1863-30.12.1865	1863	1865	 1
näytenumero 30.11.1887 ; 1888-31.12.1889	1887	1889	 1
7.7.1860-27.12.1862	1860	1862	 1
näytenumerot 9.8. ja 16.9.1892 ; 4.10.1892-15.11.1895	1892	1895	 1
51 numeroa 1913 ; 28.1.-23.6.1914	1913	1914	 1
näytenumerot 10.3. ja 23.3.1907 ; 3.4.-1.12.1907	1907	1907	 1
näytenumero 15.12.1899 ; 18.5.1900-15.3.1901	1899	1901	 1
näytenumero 26.8.1876 ; 2.9.1876-1.11.1882	1876	1882	 1
näytenumero 10.12.1903 ; 2.12.1904-30.12.1907	1903	1907	 1
näytenumero 27.3.1905 ; 4.9.1905-31.12.1909	1905	1909	 1
näytenumerot 1.9. ja 10.12.1899 sekä 27.1.1900 ; 2.4.1900-29.12.1906	1899	1906	 1
1.8.1866-5.6.1867	1866	1867	 1
23.12.1904-31.12.1909	1904	1909	 1
näytenumerot 11.11. ja 16.12.1909 ; 1910-17.8.1912	1909	1912	 1
näytenumero 8.12.1881 ; 1882-24.10.1914	1881	1914	 1
näytenumero 13.12.1910 ; 2.1.-31.12.1915	1910	1915	 1
näytenumerot 3.12. ja 24.12.1889 ; 1890-18.6.1901	1889	1901	 1
näytenumero 12.11.1909 ; 1910	1909	1910	 1
päiväämätön näytenumero 1858 ; 1859-30.12.1861	1858	1861	 1
näytenumerot 10.6., 17.6., 24.6., 1.7. ja 8.7.1911 ; 15.7.1911-12.1.1912	1911	1912	 1
21.2.1891-31.12.1903	1891	1903	 1
7.-19.2.1891	1891	1891	 1
näytenumero 26.10.1878 ; 1879-17.1.1891	1878	1891	 1
9.2.1904-31.12.1909	1904	1909	 1
3.1.1829-27.12.1879	1829	1879	 1
näytenumero 19.11.1879 ; 1880-31.12.1887	1879	1887	 1
näytenumero 23.12.1886 ; 1887-31.12.1905	1886	1905	 1
3.7.1860-29.12.1863	1860	1863	 1
näytenumerot 12.11. ja 22.12.1909 ; 7.1.-27.12.1910	1909	1910	 1
näytenumerot 17.11. ja 3.12.1906 ; 7.-28.12.1906	1906	1906	 1
17.-24.8.1917	1917	1917	 1
näytenumerot 4.12., 11.12. ja 21.12.1895 ; 1896	1895	1896	 1
1.3.-12.7.1890	1890	1890	 1
näytenumero 25.4.1908 ; 1.5.-30.5.1908	1908	1908	 1
4.1.1883-18.2.1898	1883	1898	 1
25.4.-7.11.1917	1917	1917	 1
näytenumero 20.6.1885 ; 11.8.1885-31.12.1898	1885	1898	 1
20.3.1905-23.5.1910	1905	1910	 1
näytenumerot 26.9., 3.11., 1.12. ja 15.12.1893 ; 1894-31.12.1895	1893	1895	 1
1.10.1881-24.12.1884	1881	1884	 1
näytenumero 10.1.1885 ; 15.1.1885-9.6.1893	1885	1893	 1
27.2.1863-29.12.1864	1863	1864	 1
näytenumero 23.11.1861 ; 1862-20.2.1863	1861	1863	 1
näytenumero 15.12.1881 ; 1882	1881	1882	 1
näytenumero 24.12.1890 ; 3.1.-28.2.1891	1890	1891	 1
näytenumerot 7.12. ja 21.12.1889 ; 2.1.-2.12.1890	1889	1890	 1
5.1.1844-29.12.1855	1844	1855	 1
näytenumero 20.12.1907 ; 3.1.-14.8.1908	1907	1908	 1
17.2.1877-31.12.1879	1877	1879	 1
näytenumero 15.12.1911 ; 3.1.-22.6.1912	1911	1912	 1
31.1.1847-8.9.1849	1847	1849	 1
näytenumero 28.11.1888 ; 1889-31.12.1892	1888	1892	 1
näytenumerot 1.11. ja 13.12.1892 ; 1893-28.2.1906	1892	1906	 1
2.3.1906-21.9.1917	1906	1917	 1
näytenumero 1.5.1863 ; 1.7.1863-31.1.1864	1863	1864	 1
näytenumero 11.12.1886 ; 1887-26.4.1892	1886	1892	 1
näytenumerot 23.8., 15.11. ja 13.12.1907 ; 1908-5.5.1909	1907	1909	 1
näytenumero 15.12.1890 ; 1891-29.12.1906	1890	1906	 1
3.11.1914-3.5.1917	1914	1917	 1
17.11.1881-19.9.1914	1881	1914	 1
näytenumero 20.12.1907 ; 1908-19.12.1916	1907	1916	 1
4.1.-29.3.1893	1893	1893	 1
1909/1910	1909	1909	 1
näytenumero 11.8.1897 ; 1.9.1897-22.12.1900	1897	1900	 1
näytenumero 11.9.1901 ; 2.3.-30.12.1903	1901	1903	 1
näytenumero 9.12.1880 ; 1881-28.12.1882	1880	1882	 1
näytenumero 6.12.1856 ; 3.1.-28.11.1857	1856	1857	 1
7.8.1851-24.11.1856	1851	1856	 1
näytenumero 0(21.5.1859) ; n:o 1(2.7.1859)-n:o 52(29.12.1860)	1859	1860	 1
9.3.-20.4.1917	1917	1917	 1
näytenumero 26.5.1897 ; 3.6.1897-29.7.1906	1897	1906	 1
6.5.1882-28.12.1898	1882	1898	 1
näytenumerot 30.11. ja 10.12.1915 sekä 5.1.1916 ; 1916-1.12.1917	1915	1917	 1
näytenumero 10.12.1884 ; 1885-26.12.1887	1884	1887	 1
näytenumero 14.11.1879 ; 1880-13.5.1881	1879	1881	 1
näytenumero 10.12.1888 ; 1889-28.12.1917	1888	1917	 1
31.1.-30.6.1846	1846	1846	 1
7.1.1871-29.12.1917	1871	1917	 1
näytenumerot 31.12.1910 sekä 1911 n:ot 1-4 ; 1911-30.12.1913	1911	1913	 1
näytenumero joulukuussa 1882 ; 1883-5.9.1901	1882	1901	 1
8.4.1876-15.10.1881	1876	1881	 1
näytenumero 20.4.1905 ; 1906-30.12.1911	1905	1911	 1
näytenumerot 2.6., 29.9., 17.10. ja 29.11.1906 ; 1907-10.9.1914	1906	1914	 1
6.2.1915-31.12.1917	1915	1917	 1
näytenumerot 19.1.1906 ja 11.2.1915 ; 3.2.1906-22.9.1914	1906	1915	 1
näytenumero 11.2.1915 ; 1.4.1915-17.3.1917	1915	1917	 1
näytenumerot 10.6. ja 12.7.1907 ; 26.8.1907-28.2.1908	1907	1908	 1
30.1.-17.4.1914	1914	1914	 1
5.1.1861-29.12.1888	1861	1888	 1
näytenumero 20.5.1886 ; 5.7.1886-29.12.1887	1886	1887	 1
näytenumero 30.11.1867 ; 1868-31.12.1870	1867	1870	 1
2.10.1874-29.12.1917	1874	1917	 1
näytenumero 10.6.1914 ; 4.7.1914-23.12.1916	1914	1916	 1
näytenumero 16.11.1881 ; 1882	1881	1882	 1
näytenumerot 13.11. ja 22.12.1896 ; 1897-30.12.1912	1896	1912	 1
15.10.1863-12.3.1864 kahdeksan numeroa	1863	1864	 1
kolme näytenumeroa 1906, joista ensimmäinen helmikuussa ja viimeinen kesäkuun alussa ; 3.7.1906-17.9.1914	1906	1914	 1
näytenumerot 16.12.1914 ja 26.2.1915 ; 1.3.1915-22.3.1917	1914	1917	 1
1895, näyten:o ; 1896, n:o 1-52	1896	1896	 1
näytenumero 4.1.1845, 29.11.1845 näytelehti vuodelle 1846 ; 1845-29.12.1847	1845	1847	 1
näytenumerot 31.8. ja 30.11.1905 ; 4.1.1906-9.12.1916	1905	1916	 1
näytenumero 25.9.1915 ; 29.9.-9.10.1915 neljä numeroa	1915	1915	 1
11.11.1905-18.9.1915	1905	1915	 1
4.1.1890-31.12.1901	1890	1901	 1
näytenumerot 3.12. ja 21.12.1898 ; 1899-31.8.1901	1898	1901	 1
näytenumero 20.12.1905 ; 1906-9.9.1914	1905	1914	 1
näytenumerot 9.6., 7.7. ja 22.9.1899 sekä 23.1. ja 11.4.1900 ; 2.5.-7.11.1900	1899	1900	 1
näytenumerot 31.7. ja 20.9.1907 ; 1.11.1907-16.10.1917	1907	1917	 1
näytenumero 21.12.1896 ; 2.2.1896-28.12.1906	1896	1906	 1
1902-21.6.1905	1902	1905	 1
4.1.1908-13.1.1914	1908	1914	 1
näytenumero 11.12.1905 ; 1906-31.12.1907	1905	1907	 1
näytenumerot 2.1.1897 ja 15.12.1899 ; 7.1.1897-21.12.1900	1897	1900	 1
29.1.1887-31.12.1888	1887	1888	 1
näytenumero 14.12.1880 ; 1881-31.12.1898	1880	1898	 1
näytenumero 1.12.1874 ; 1875-31.1.1888	1874	1888	 1
näytenumero 12.12.1866 ; 1867-19.1.1872	1866	1872	 1
5.1.1839-24.12.1847	1839	1847	 1
näytenumero 11.12.1847 ; 1848-31.12.1855	1847	1855	 1
3.9.1858-9.3.1901	1858	1901	 1
näytenumerot 13.12. ja 27.12.1895 ; 1896-14.1.1897	1895	1897	 1
näytenumero 29.3.1895 ; 3.5.-29.11.1895	1895	1895	 1
[1931]-[1949]	1931	1949	 1
9.9.1885-24.3.1886	1885	1886	 1
näytenumero 2.12.1881 ; 1882-27.12.1884	1881	1884	 1
näytenumero 10.11.1856 ; 1857-1865	1856	1865	 1
24.3.1910-28.5.1910	1910	1910	 1
näytenumerot 14. ja 21.9.1908 ; 5.10.1908-12.3.1910	1908	1910	 1
näytenumero 20.11.1862 ; 1863	1862	1863	 1
näytenumerot 16.11. ja 5.12.1889 ja vuodelle 1891 15.12.1890 ; 1890-3.7.1904	1889	1904	 1
näytenumero 25.6.1902 ja kolme näytenumeroa marraskuussa 1902 ; 1.12.1902-31.12.1905	1902	1905	 1
näytenumero 5.12.1871 ; 1872-1884	1871	1884	 1
1.12.1844-31.12.1855	1844	1855	 1
2.1.1832-30.12.1844	1832	1844	 1
3.1.1829-30.11.1866	1829	1866	 1
näytenumero 18.12.1909 ; 1.1.-24.9.1910	1909	1910	 1
3.9.1864-19.5.1865	1864	1865	 1
näytenumerot 16.11. ja 30.11.1861 ; 1862-31.3.1889	1861	1889	 1
näytenumero 24.12.1866 ; 1867-3.4.1867	1866	1867	 1
näytenumerot 23.11. ja 22.12.1905 ; 1906-29.12.1912	1905	1912	 1
näytenumerot 4.8., 24.11., 30.11. ja 14.12.1904 ; 1905-18.8.1906	1904	1906	 1
29.7.-8.8.1908	1908	1908	 1
22.12.1914-6.2.1915	1914	1915	 1
1.12.1908-17.11.1914	1908	1914	 1
9.2.1915-29.9.1917	1915	1917	 1
näytenumerot 6.12., 13.12. ja 23.12.1913 ; 1914	1913	1914	 1
näytenumeroita 4.1.-1.2.1900 ; 3.2.1900-29.6.1907	1900	1907	 1
2.7.1907-30.12.1915	1907	1915	 1
näytenumero 29.11.1889 ; 6.1.1890-30.12.1899	1889	1899	 1
7.5.1895-14.10.1898	1895	1898	 1
näytenumero 16.1.1894 ; 13.3.1894-3.5.1895	1894	1895	 1
näytenumero 24.12.1909 ; 1910-12.10.1911	1909	1911	 1
näytenumerot 26.4. ja 5.5.1906 ; 1.7.1906-30.4.1907	1906	1907	 1
näytenumerot: päiväämätön näytenumero ja 15.12.1906 ; 3.1.-28.2.1907	1906	1907	 1
näytenumero 3.9.1884 ; 1.10.1884-31.12.1910	1884	1910	 1
näytenumerot 6.10. ja 2.11.1906 sekä 4.1. ja 15.1.1907 ; 11.2.-15.7.1907	1906	1907	 1
näytenumero 29.11.1904 ; 1905-9.2.1907	1904	1907	 1
2.1.1861-20.2.1893	1861	1893	 1
8.1.-15.10.1906	1906	1906	 1
24.5.1902-28.10.1905	1902	1905	 1
näytenumero marraskuussa 1901 ; 1902-16.3.1905	1901	1905	 1
näytenumero 10.12.1887 ; 1888	1887	1888	 1
1.1.1900-18.3.1917	1900	1917	 1
näytenumerot a ja b 6.12.1884 ; 1885-31.12.1892	1884	1892	 1
23.1.-1.5.1886	1886	1886	 1
näytenumerot 28.3. ja 26.5.1900 ; 4.7.1900-28.5.1909	1900	1909	 1
näytenumerot 22.9., 1.12. ja 20.12.1905 ; 1906-31.12.1913	1905	1913	 1
näytenumerot 3.11.1909 sekä kolme muuta näytenumeroa 1909 ; 1910-30.12.1913	1909	1913	 1
3.1.1888-2.9.1901	1888	1901	 1
näytenumerot 1.12. ja 22.12.1906 ; 1907-1.11.1917	1906	1917	 1
näytenumerot 10.10. ja 3.12.1894 ; 1895-24.11.1914	1894	1914	 1
näytenumerot joulukuussa 1903 ja 18.3.1904 ; 15.4.1904-8.5.1906	1903	1906	 1
11.5.1906-31.7.1912	1906	1912	 1
näytenumerot 30.6, 7.7., 14.7. ja 21.7.1906 ; 4.8.1906-25.7.1916	1906	1916	 1
näytenumero 20.12.1882 ; 1883-17.12.1903	1882	1903	 1
1.3.-27.12.1890	1890	1890	 1
näytenumerot 16.12. ja 30.12.1905 ; 5.1.1906-12.6.1907	1905	1907	 1
näytenumero 14.12.1892 ; 1893	1892	1893	 1
näytenumero 30.8.1881 ; 7.10.1881-29.12.1882	1881	1882	 1
3.1.1883-28.12.1888	1883	1888	 1
näytenumero 19.12.1898 ; 14.1.1899-5.4.1906	1898	1906	 1
näytenumero 20.11.1900 ; 15.12.1900-1.9.1901	1900	1901	 1
näytenumero 23.11.1892 ; 1893-28.4.1917	1892	1917	 1
näytenumerot 30.11. ja 14.12.1882 ; 1883-4.7.1900	1882	1900	 1
2.1.1906-19.3.1914	1906	1914	 1
kaksitoista näytenumeroa 7.12.-31.12.1911 ; 1912-19.3.1914	1911	1914	 1
näytenumero 16.12.1853 ; 1854-24.4.1855	1853	1855	 1
2.1.-30.12.1843	1843	1843	 1
2.1.1879-30.4.1883	1879	1883	 1
29.6.-30.12.1876	1876	1876	 1
2.1.1877-31.12.1878	1877	1878	 1
2.1.1888-31.3.1888	1888	1888	 1
2.12.1837-30.6.1858	1837	1858	 1
näytenumero 17.12.1892 ; 1893-30.8.1901	1892	1901	 1
1.7.1865-28.12.1872	1865	1872	 1
6.7.1860-23.6.1865	1860	1865	 1
6.9.1861-27.12.1861	1861	1861	 1
näytenumero 3.12.1880 ; 1881-31.12.1896	1880	1896	 1
näytenumerot 1.8. ja 21.12.1900 ; 1901-1.11.1907	1900	1907	 1
1.1.1886-28.12.1889	1886	1889	 1
12.3.1859-29.12.1860	1859	1860	 1
6.2.1858-5.3.1859	1858	1859	 1
näytenumerot 18.2. ja 30.12.1907 ; 18.12.1907-27.12.1909	1907	1909	 1
4.1.1910-28.9.1912	1910	1912	 1
30.09.1912-31.07.1913	1912	1913	 1
9.3.1878-16.4.1881	1878	1881	 1
näytenumero 7.6.1893 ; 21.6.1893-29.3.1895	1893	1895	 1
30.3.1895-3.10.1900	1895	1900	 1
näytenumerot 5.12. ja 17.12.1892 ; 2.1.-20.6.1893	1892	1893	 1
1(1909)-8(1911/1915)	1909	1915	 1
1(1898/1902)-2(1903/1910)	1898	1910	 1
1(1892/1895)-17(1910/1911)	1892	1911	 1
1(1892)-11(1902)	1892	1902	 1
1, edellinen osa(1884)-29(1912)	1884	1912	 1
1(1885)-14(1902/1906)	1885	1906	 1
1(1884)-21(1904)	1884	1904	 1
1(1873)-4(1901)	1873	1901	 1
1846/1865	1846	1846	 1
1(1907)-4(1914/1915)	1907	1915	 1
1(1865)-4(1881)	1865	1881	 1
1(1861/1865)-8(1896/1900)	1861	1900	 1
1(1856/1865)-22(1902)	1856	1902	 1
1907/1908-1913	1907	1913	 1
1913, n:o 1-1916, n:o 21	1916	1916	 1
1896, n:o 1-1902, n:o 12	1902	1902	 1
1865, 1-1869, 4	1865	1869	 1
[1. årg.], 1 (1894)-3. årg., 12 (1896)	1894	1896	 1
1. vsk. (1889), n:o 1-7. vsk. (1895), n:o 12	1889	1895	 1
1893, 1-1916, 12	1893	1916	 1
1914, 1-1914, 7	1914	1914	 1
[1. årg.] (1906), 1-9. årg. (1914), 11/12	1906	1914	 1
1897, 1	1897	1897	 1
1914, 1-1914, 1	1914	1914	 1
1915, n:o 1-1915, n:o 4	1915	1915	 1
1:sta årg., n:o 1 (den 1 januari 1893)-2:dra årg., n:o 18 (den 15 september 1894)	1893	1894	 1
joulu 1909 ; n:o 1 (tammikuu v. 1910)-4. vsk., n:o 12 (joulukuu 1915)	1910	1915	 1
1891, n:o 0 ; 1892, n:o 1-joulukuu 1892, n:o 12	1892	1892	 1
1895, 0-1896, 0000	1895	1896	 1
1894, 1-1898, 3	1894	1898	 1
1893, 1-1894, 52	1893	1894	 1
1. årg. (1847), 1. häftet-3. årg. (1849), 2. häftet	1847	1849	 1
1896, 0-1897, 9	1896	1897	 1
1901, no 1-1909, no 12	1901	1909	 1
1907, provn:r-1912, 1	1907	1912	 1
1885, 1-1885, 2	1885	1885	 1
1913, näyten:o-1914, 1	1913	1914	 1
1912, 1-1912, 4	1912	1912	 1
1913, näyten:o [1]-1913, 3	1913	1913	 1
1915, näyten:o-1915, 13	1915	1915	 1
1905, näyten:o-1906, 27	1905	1906	 1
1912, 1-1912, 18	1912	1912	 1
1912, näyten:o [1]-1912, 2	1912	1912	 1
1906, näyten:o	1906	1906	 1
1896, [1] ; 1897, n:o 0 ; 1898, n:o 0-1898, n:o 24	1896	1898	 1
1911, 1-1913, 8	1911	1913	 1
lauantaina 28 p. heinäk. 1917, n:o 1-lauantaina 4 p. elokuu 1917, n:o 2	1917	1917	 1
1909, n:o 1, näytenro-marras/jouluk. 1909, n:o 11/12	1909	1909	 1
1895, 0 ; 1896, 1-1917, 19/20	1896	1917	 1
1913, näyten:o [1]-1914, 10	1913	1914	 1
1871, 1-1872, 8	1871	1872	 1
1896-1903 ; 1946, juhlan:o-1947, [1]	1903	1947	 1
1901, 0-1904, 22	1901	1904	 1
1910, 1-1910, 3	1910	1910	 1
n:o 1 (1834)-n:o 27 (1835)	1834	1835	 1
1865, 1-1867, 8	1865	1867	 1
1906, näyten:o 1-1907, 6	1906	1907	 1
1874, 1-1874, 3	1874	1874	 1
1881, 0 ; 1882, 1-2	1881	1882	 1
1911, näyten:o 1-1912, 7	1911	1912	 1
1860, 1:n n:ro-1861, 24:s n:ro	1861	1861	 1
1912, 1-1912, 14	1912	1912	 1
25 p. helmikuuta 1910, n:o 1-8. vsk., joulukuun 31 p. 1917, n:o 18	1910	1917	 1
1912, n:o 1-1913, n:o 10	1913	1913	 1
[1901], r. s. n:o 11 ; 1902, r. s. n:o 1-1917, r. s. n:o 12	1902	1917	 1
lauantaina 25 toukokuuta 1879, n:o 0 ; torstaina 15 p. tammikuuta 1880, n:o 1-torstaina 15 p. joulukuuta 1881, n:o 12	1879	1881	 1
1914, näyten:o 1-1915, 5	1914	1915	 1
1900, elokuu-1901, 13	1900	1901	 1
1897, 1-1902, 12	1897	1902	 1
1911, 1-1913, 12	1911	1913	 1
1902, 1-1914, 22	1902	1914	 1
kesäkuun 5 p:nä 1915, näytenro-lokakuun 30 p:nä 1917, n:o 5	1915	1917	 1
1912, 0-1913, 3	1912	1913	 1
1903, 0 (huhtikuu)-1903, 0 (kesäkuu)	1903	1903	 1
[1901] ; 1-6/7 (1902-1903)	1902	1903	 1
1913, 0 ; 1914, 1-1917, 12	1913	1917	 1
näyten:o (20 p. joulukuuta 1909)-1910, n:o 2	1909	1910	 1
1915, näyten:o a-1915, näyten:o a	1915	1915	 1
1912, näyten:o-1912, 13	1912	1912	 1
1902, n:o 1-1905, n:o 24	1905	1905	 1
1906, 1-1913, 22	1906	1913	 1
1909, [1]-[2] ; 1910, 1-4	1909	1910	 1
n:o 0 (1890)-n:o 36 (1893) ; 1894, n:o 1-1903, n:o 9	1890	1903	 1
1899, 1-1899, 1	1899	1899	 1
1910-1912	1910	1912	 1
1917, etun:o-1917, etun:o	1917	1917	 1
1916, 1-1916, 16	1916	1916	 1
toukokuu 1890, n:o 1-joulukuu 1890, n:o 8	1890	1890	 1
1881, 1-1885, 6	1881	1885	 1
1897, 1-6	1897	1897	 1
1896, 1-1909, 12	1896	1909	 1
1911, 1-1916, 12	1911	1916	 1
1902, n:o 1-1909, n:o 6	1909	1909	 1
1917, 1-1917, 10	1917	1917	 1
1906 näyten:o 1-1912, n:o 12	1912	1912	 1
1910, 1-5	1910	1910	 1
1913, provn:r-1913, provn:r	1913	1913	 1
1910, näyten:o 1	1910	1910	 1
1827, 1-1829, 1	1827	1829	 1
1913, joulu- ja näyten:o ; 1914, 1-10/12	1914	1914	 1
1888, 0 ; 1889, 1-24	1888	1889	 1
1869, 1-1873, 12	1869	1873	 1
1915, 1-1917, 12	1915	1917	 1
1910, 0-1914, 6	1910	1914	 1
1916, 1-9/10	1916	1916	 1
1915, 0-1915, 1	1915	1915	 1
1893, 1-1896, 6	1893	1896	 1
1887, n:o 1-1887, n:o 2	1887	1887	 1
1891, 1-1899, 12	1891	1899	 1
1916, 1-1917, 6	1916	1917	 1
1846, 1-1846, 50	1846	1846	 1
vol. 1, n:o 1 (1911)-vol. 3, n:o 26 (1913)	1911	1913	 1
1905, 0-1906, 19	1905	1906	 1
1917, n:o 1-1917, n:o 6	1917	1917	 1
1893, n:o 0 ; 1894, n:o 1-1900, no 3	1894	1900	 1
1902, 0 ; 1904, 0 ; 1905, 1-1917, 12	1904	1917	 1
1855, 1-1856, 9	1855	1856	 1
1901, 1-1905, 12	1901	1905	 1
1 (1884) - 16 (1885) ; 1886, 1-1887, 12	1884	1887	 1
1878, n:o 1-1887, n:o 12	1887	1887	 1
1894, profn:r-1895, 6	1894	1895	 1
den 15 november 1912, n:o 0 ; 1:a årg., den 11 januari 1913, n:o 1-2:dra årg., den 30 oktober 1914, n:o 10/11	1913	1914	 1
1899, [1]-1899, maj	1899	1899	 1
1896, n:o 0 ; 1897, n:o 1-1910, n:o 11	1897	1910	 1
1908, 1-1909, 11/12	1908	1909	 1
1807, 1-1809, 4	1807	1809	 1
[första samlingen] 1816, 5 - andra samlingen 1826, 8	1816	1826	 1
1886, 1-1887, 12	1886	1887	 1
1914, näyten:o 1-1915, näyten:o 3	1915	1915	 1
1917, n:o 1-1917, n:o 9	1917	1917	 1
1912, näyten:o-näyten:o 2	1912	1912	 1
1882, 0 ; 1883, 1-1884, 2	1882	1884	 1
1902, 1-1906, 51/52	1902	1906	 1
1906, 0, näytenro 2 ; 1907, 1-1914, 29	1906	1914	 1
1915, n:o 1-1917, n:o 9	1917	1917	 1
1899, 0-1899, 0	1899	1899	 1
1889, n:o 1-1890, n:o 12	1890	1890	 1
1891, n:o 1-1900, n:o 12	1900	1900	 1
1915, näyten:o 1-1915, näyten:o 3	1915	1915	 1
1902, näyten:o-1904, 12	1902	1904	 1
1905, 1-12	1905	1905	 1
1889, näyten:o; 1890, 1-1891, 2	1889	1891	 1
1:n wuosikerta, 1 p. tammikuuta 1893, n:o 1-11:sta wuosikerta, helmikuun 15 p:nä 1904, n:o 2	1893	1904	 1
1907, näyten:o ; 1908,1-1910, 12	1910	NA	 1
1908, näyten:o 0-1917, n:o 12	1917	1917	 1
1909, 1-1909, 1-2	1909	1909	 1
1909, 1-2	1909	1909	 1
1911, näyten:o 1-1914, 7	1911	1914	 1
1891, n:o 0-1893, n:o 12	1893	1893	 1
1892, 0-1895, dec	1892	1895	 1
1867, 0-1873, 52	1867	1873	 1
lördagen den 5 december 1885, n:o 0 ; lördagen den 2 januari 1886, n:o 1-onsdagen den 15 juni 1887, n:o 12	1886	1887	 1
1917, 1-2	1917	1917	 1
1915, näyten:o 0-1915, näyten:o 3	1915	1915	 1
[1909], 0	1909	1909	 1
1: nen wuosik., maalisk. 23 p. 1899, n:o 0-4:jäs vuosik., jouluk. 15 p. 1902, n:o 12	1899	1902	 1
1885, n:o 0-[1885], 1	1885	1885	 1
1898, 4	1898	1898	 1
1 wuosik., syysk. 15 p. 1889, n:o 0-11 wuosik., joulukuun 1 p. 1899, n:o 12	1889	1899	 1
1905, 0-1906, 26	1905	1906	 1
1884, 0-1886, 24	1884	1886	 1
1909, 1-1910, 1	1909	1910	 1
1910, 2-1913, [1]	1910	1913	 1
1905, näyten:o-1907, näyten:o 2	1907	1907	 1
1:a årg. (1868), n:o 1-4:e årg. (1871), n:o 12	1868	1871	 1
1890, n:o 1-1891, extran:r	1891	1891	 1
årg. 1, n:o 1 (1903)-årg. 15, n:o 12 (1917)	1903	1917	 1
1852, 1-4	1852	1852	 1
1 (1854)-4 (1857)	1854	1857	 1
årg. 1 (1893/1894), häft 1-häft 6 ; årg. 2 (1894), häft 1-årg. 23 (1915), sluthäftet	1894	1915	 1
1869, maj	1869	1869	 1
n:o 1 (april 1857)-n:o 6 (december 1858) ;  april 1859, n:o 1-september/december 1859, n:o 3/4	1857	1859	 1
1864, provn:r ; årg. 1 (1865), 1-årg. 2 (1866), 9	1865	1866	 1
1880, 1-12	1880	1880	 1
1881, 1-1883, 6	1881	1883	 1
fredagen den 8 januari 1836, n:o 1-fredagen den 28 december 1838, n:o 51	1836	1838	 1
1871, 1-1903, 2	1871	1903	 1
1910, provn:r 0-1916, n:o 16	1916	1916	 1
1. årg. (1827), 1-4. årg. (1831), [1]	1827	1831	 1
1849, 1-52	1849	1849	 1
1909, n:o 0 ; 1. årg., n:o 1 (1910)-4. årg., n:o 1 (1914)	1910	1914	 1
1896, n:o 1-1909, n:o 12	1909	1909	 1
1881, n:o [1]-1883, n:o 24	1881	1883	 1
årg. 1, den 8 januari 1896, n:r 0-årg. 3, den 15 december 1898, n:r 24	1896	1898	 1
1911, 0-1914, 8	1911	1914	 1
1893, n:o 1-1894, n:o 51	1894	1894	 1
1893, 1	1893	1893	 1
1890, n:o 1-1891, n:o 12/13	1891	1891	 1
1916, april-1916, april	1916	1916	 1
1845, n:o 1-1848, n:o 52	1848	1848	 1
1853, 1-1854, 12	1853	1854	 1
1883, profn:r [1]-[2] ; 1884, 1-18	1883	1884	 1
1891, 1-7	1891	1891	 1
1913, näyten:o-1913, näyten:o	1913	1913	 1
1. årg. (1908), 1-2. årg. (1909), 12	1908	1909	 1
1916, heinäkuu-1916, joulukuu	1916	1916	 1
1895, n:o 0 ; 1896, n:o 1-1901, n:o 6	1896	1901	 1
1906, 1-1911, 23/24	1906	1911	 1
1 (1887)-19 (1888) ; 1889, 1[a]-1890, 6b	1887	1890	 1
1916, huhtikuu-1916, huhtikuu	1916	1916	 1
1902, 1-1909, 6	1902	1909	 1
1909, näyten:o-1914, 10	1909	1914	 1
1906, 1-1906, 3	1906	1906	 1
1905, maj-1905, maj	1905	1905	 1
1879, n:o 1-1880, n:o 24	1880	1880	 1
1882, 0-1910, 24	1882	1910	 1
1889, 1-1889, 24	1889	1889	 1
1911, 1-1914, 12	1911	1914	 1
1841, 1-1843, 6	1841	1843	 1
tammikuulla 1907, vihko 1-huhtikuulla 1907, vihko 2	1907	1907	 1
1914, 1-1917, 12	1914	1917	 1
1883, n:o 1-1885, n:o 12	1885	1885	 1
wihko 1 ([1880])-wihko 3 ([1881])	1880	1881	 1
1:nen vuosik., tammikuu 1908, n:o 1-1:nen vuosineljännes 1911, n:o 1	1908	1911	 1
1909, n:o 1-1913, n:o 33	1913	1913	 1
1905, 17.6.-1906, 25	1906	NA	 1
1906, 26-1914, 3	1906	1914	 1
1884, [näyten:o] ; 1884, n:o 0 ; 1885, n:o 1-1885, n:o 12	1884	1885	 1
1906, n:o 1-1911, n:o 12	1911	1911	 1
20 (1903), [1]-30 (1913), 12	1903	1913	 1
1. vsk. (1888), n:o 1-7. vsk. (1894), n:o 1	1888	1894	 1
1. vsk., 1 (1906)-7 vsk., 6 (1912)	1906	1912	 1
1897, näyttön:o 0-1898, n:o 49	1898	1898	 1
1. vsk. (1887), 1-12. vsk. (1898), 12	1887	1898	 1
1913, n:o 1-1914, n:o 12	1914	1914	 1
1913, n:o 1-1916, syyskuu	1913	1916	 1
1911, näytenro-1912, 24	1911	1912	 1
1893, n:o 0-1894, n:o 23/24	1894	1894	 1
1872, 0 ; 1873, 1-1880, 192	NA	1880	 1
1910, n:o 1-1912, n:o 12	1912	1912	 1
15 p:nä tammikuuta 1877, n:o 1-31 p:nä joulukuuta 1877, n:o 24	1877	1877	 1
1891, 1-1894, 12	1891	1894	 1
1897, n:o 0 ; 1898, n:o 1-1912, n:o 24	1898	1912	 1
1908, 0-1908, 13.11	1908	NA	 1
1906, näyten:o 1-1906, näyten:o 6	1906	1906	 1
1851, 1-1853, 26	1851	1853	 1
1819, 1-1823, december	1819	1823	 1
1906, 0-1909, 22	1906	1909	 1
1907, 1-1908, 12	1907	1908	 1
1864, profn:r ; 1865, 1-23/24	1865	1865	 1
1913, näytevihko 0 ; 1. vsk. (1914), vihko 1-4. vsk. (1917), vihko 12	1913	1917	 1
1. vsk. (1895), n:o 1-13. vsk. (1907), n:o 12	1895	1907	 1
1908, näyten:o [1]-1908, näyten:o [2]	1908	1908	 1
1910, n:o 1-1917, n:o 7	1917	1917	 1
1892, 1-1893, 12	1892	1893	 1
1859, 1-1863, 5	1859	1863	 1
1836 tammikuu-1837 joulukuu, 1839 tammikuu-1840, kesäkuu	1836	1840	 1
1909, 1-1909, 11	1909	1909	 1
1910, 1-1913, [1]	1910	1913	 1
1884, 1-1899, 21	1884	1899	 1
1863, 0 ; 1864, 1-1866, 12	1863	1866	 1
1910, 0-1910, näyten:o 2	1910	1910	 1
1896/97, 1-1900, 2	1896	1900	 1
1872, n:o 1-1873, n:o 8	1873	1873	 1
1. vsk. (1909), 1-4. vsk. (1912), 12	1909	1912	 1
1898, n:o 0 ; 1899, n:o 1-1907, n:o 26	1899	1907	 1
n:o 1 (1877)-n:o 30 (1878) ; 1879, n:o 1-1879, n:o 24	1877	1879	 1
1895, [1]-1895, [2]	1895	1895	 1
1907, 0-1907, 00	1907	1907	 1
1888, 1-1898, 44	1888	1898	 1
1884, 0 ; 1885, 1-25	1884	1885	 1
1890, 1-1890, 52	1890	1890	 1
1896, 0-1899, 4	1896	1899	 1
n:o 1 (1912)-n:o 3 (1914)	1912	1914	 1
1878, 1-2	1878	1878	 1
1862, 0-1863, 12	1862	1863	 1
1912, 1-1914, 4	1912	1914	 1
1897, 0-1910, 16	1897	1910	 1
1906, näyten:o [1]-näyten:o 2	1906	1906	 1
1856, n:o 1-1856, n:o 21	1856	1856	 1
1:nen wsk. (1849), [1:n wihko]-2:n wsk. (1850), 6:s wihko	1849	1850	 1
1860, näyten:o-1862, 6	1860	1862	 1
1855, 1-12	1855	1855	 1
1914, näyten:o 1-1916, n:o 44	1916	1916	 1
1913, 1-1913, 3	1913	1913	 1
1913, 1-1913, 9	1913	1913	 1
1907, 1-6	1907	1907	 1
1. årg. (1882), 1-2. årg. (1883), 12	1882	1883	 1
1863, profhäfte-1865, 1	1863	1865	 1
1847, 1-1863, 11	1847	1863	 1
1901, 1-1901, 4	1901	1901	 1
1911, näyten:o 1-1911, näyten:o 3	1911	1911	 1
1908, 0-1908, 0[0]	1908	1908	 1
näyten:o (5.2.1910)-näyten:o (19.2.1910) ; 1910, 1-45	1910	1910	 1
1877, 1-1877, 24	1877	1877	 1
vol. 0 (1883), 0 ; vol. 1 (1884), 1-vol. 2 (1885), 3	1883	1885	 1
1887, 1-1887, 1	1887	1887	 1
1917, 1-10	1917	1917	 1
1911, näyten:o 1-1913, 51	1911	1913	 1
1907, näyten:o [1]-1907, 12	1907	1907	 1
1892, 1-1893, 20	1892	1893	 1
1856, no 1-1857, no 36	1856	1857	 1
1876, n:o 1-1877, n:o 24	1877	1877	 1
1912, n:o 1-1916, n:o 12	1916	1916	 1
1 (1877)-30 (1878) ; 1879, 1-24	1877	1879	 1
1899, 1-1900, 19	1899	1900	 1
1899, 1-1900, 52	1899	1900	 1
näytenumerot 1.10., 6.11. ja 18.12.1889 ; 1890-30.3.1892	1889	1892	 1
1908, 0 ; 1909, 1-12	1908	1909	 1
1912, näyten:o-1912, n:o 11/12	1912	1912	 1
1894, näyten:o ; 1895, n:o 1-n:o 11 (15 p. marraskuuta 1911)	1895	1911	 1
1888, 1-1916, 12	1888	1916	 1
1906, näytenro ; tammik. 5 p. 1907, n:o 1-marraskuun 20 p. 1909, n:o 47	1907	1909	 1
huuhti-kuulta 1855, n:o 00 ; tammi-kuulta 1856, n:o 1-heinä-kuulta 1856, n:o 7	1855	1856	 1
16 januari 1886, n:o 1-18 december 1897, n:o 12	1886	1897	 1
1881, n:o 1-1888, n:o 12 ; n:o 1(1889)-n:o 36(1891) ; n:o 1 (1892)-n:o 16(1893) ; 1893, n:o 1-1895, n:o 9	1888	1895	 1
vol. 1, n:o 1 (15. tammikuuta 1909)-vol. 5, n:o 51/53 (maalis- huhti- ja toukokuu 1913)	1909	1913	 1
1881, 0 ; 1882, 1-1889, 48	1881	1889	 1
näyten:o(1905)-48(1908)	1905	1908	 1
1895, n:o 1-1900, n:o 1	1900	1900	 1
1898, 1-6	1898	1898	 1
1847, n:o 1-1848, n:o 12	1848	1848	 1
1893, 0-1893, 0	1893	1893	 1
årg. 1 (1892), 1-årg. 8 (1899), 4	1892	1899	 1
1895, 1-1896, 18	1895	1896	 1
1909, 1-1910, 12	1909	1910	 1
1890, 1-1892, 12	1890	1892	 1
1879, 1-1880, 20	1879	1880	 1
1867, 1-1869, 13	1867	1869	 1
1872, näyten:o-1914, 4	1872	1914	 1
1912, näyten:o [1]-1914, [6]	1912	1914	 1
1872, n:o 1-1872, n:o 12	1872	1872	 1
1911, marraskuu-1912, elokuu	1911	1912	 1
1906, näyten:o-1915, 12	1906	1915	 1
1 (1914)-10 (1916)	1914	1916	 1
1870, 1-1879, 24	1870	1879	 1
kaksi päiväämätöntä näytenumeroa 1907 ; 1908-1910	1907	1910	 1
1911, [0] ; 1912, 1/2-1915, joulun:o	1911	1915	 1
1902, 1-1902, 6	1902	1902	 1
1851, 1-1855, 12	1851	1855	 1
1882, 0-1884, 12	1882	1884	 1
1863, 1-1863, 10	1863	1863	 1
1850, 0-1907, 12	1850	1907	 1
1906, 1-1907, 24	1906	1907	 1
1881, 0 ; 1882, 1-1885, 6	1881	1885	 1
1880, 1-1887, 12	1880	1887	 1
1885, 1-1887, 1	1885	1887	 1
1912, 1-1913, 8	1912	1913	 1
1889, 1-1891, 12	1889	1891	 1
1906, 1-1916, kevät	1906	1916	 1
1893, 1-1896, 12	1893	1896	 1
1884, [0] ; 1885, 1-1892, 12	1884	1892	 1
1905, 0-1913, 22	1905	1913	 1
1907, näytelehti ; 1908, 1-1911, 12	1907	1911	 1
1880, 0 ; 1881, 1-24	1880	1881	 1
1889, 1-1911, 12	1889	1911	 1
1892, 1	1892	1892	 1
1864, 0-1866, 13	1864	1866	 1
1908, 1-1916, 26	1908	1916	 1
1894, n:o 1-1897, n:o 12	1897	1897	 1
1913, [1]-1913, [1]	1913	1913	 1
1906, 1. vsk., n:o 1-1908, 3. vsk., n:o 12	1908	1908	 1
1899, 0-1899, 11	1899	1899	 1
1907, [1]-1910, [6]	1907	1910	 1
1912, 1-1916, 2	1912	1916	 1
1891, n:o 1-1891, n:o 39	1891	1891	 1
1899, 1-1905, 12	1899	1905	 1
1891, n:o 0 ; 1892, n:o 1-1896, n:o 23	1892	1896	 1
1887, 0 ; 1888, 1-24	1887	1888	 1
1915, näyten:o-1916, 1/2	1916	1916	 1
1910, näyten:o-1917, n:o 52	1917	1917	 1
1912, 1-1917, 8	1912	1917	 1
1908, n:o 1	1908	1908	 1
1904, näyten:o-1910, 22	1904	1910	 1
1902, näyten:o 1-1902, n:o 12	1902	1902	 1
1889, 1-1890, 3	1889	1890	 1
1870, n:o 0 ; 1871, n:o 1-1880, n:o 26	1871	1880	 1
1907, 1-1911, 2	1907	1911	 1
1907, [1]-maaliskuu	1907	1907	 1
1910, 1	1910	1910	 1
1916, näyten:o-1917, marras/joulukuu	1917	1917	 1
1910, 1-1910, 1	1910	1910	 1
1911, 1-1912, 12	1911	1912	 1
1913, provhäfte-1913, 8	1913	1913	 1
1892, 1-1915/16, 93	1892	1915	 1
1882, 1-1882, 97	1882	1882	 1
1906, näyten:o 1-1910, 12	1906	1910	 1
1895, n:o 1-1915, n:o 4	1915	1915	 1
1908, näyten:o-1909, n:o 12	1909	1909	 1
1907, 1-1907, 20	1907	1907	 1
1910, näyten:o-1911, 1	1910	1911	 1
1898, näyten:o 0 ; 1899, n:o 1-1900, n:o 12	1899	1900	 1
1912, 0-1915, 26	1912	1915	 1
1895, 0-1895, 0	1895	1895	 1
1881, 0-1883, 24	1881	1883	 1
1913, näyten:o 1-näyten:o 2	1913	1913	 1
1894, [1]-1899, [1]	1894	1899	 1
1915, näyten:o-1917, 8	1915	1917	 1
1880, 0-2	1880	1880	 1
1892, 1-1906, 12 [?]	1892	1906	 1
1913, 5-1913, 19	1913	1913	 1
1910, näyten:o-1913, 4;1913, 20-1914, 16	1913	1914	 1
1898, 1-1899, 19	1898	1899	 1
1915, marraskuu-1916, maaliskuu	1915	1916	 1
1905, 1-1906, 20	1905	1906	 1
1885, 1 ; 1886, 1-3 ; 1887, 4	1886	1887	 1
1880, 0 ; 1881, 1-23	1880	1881	 1
1892, näytenro ; 1892, 1-1894, 12	1892	1894	 1
1913, 0 ; 1914, 0-1915, 3/4	1914	1915	 1
1914, 1-1916, 2	1914	1916	 1
1912, 0-1913, joulukuu	1912	1913	 1
1901, 1-1901, 10	1901	1901	 1
1878, 1-1902, 12	1878	1902	 1
1913/1914, 1-1914/1915, 1	1913	1915	 1
1-21 (1905-1906) ; 1907, 1-12	1905	1907	 1
1912, 0 ; 1912, 00 ; 1913, 1-1914, 4	1912	1914	 1
1907, näyten:o 0 ; 1908, n:o 1-1910, n:o 12	1908	1910	 1
1898, näyten:o ; 1899, n:o 1-1899, n:o 24	1899	1899	 1
1849, 1-1869, 6	1849	1869	 1
1869, 1	1869	1869	 1
profn:r 0 (1892) ; 1. årg., 1 (1893)-2. årg., 48 (1894)	1892	1894	 1
1911, maj-1911, juni	1911	1911	 1
1. årg, n:o 1 (1855)-1. årg., n:o 19/20 (1855)	1855	1855	 1
1898, 1-1910, 8	1898	1910	 1
1907, [1]-[4]	1907	1907	 1
1910, 0-12	1910	1910	 1
1910, 1-1912/13, 12	1910	1912	 1
1887 [po. 1897], näyttön:o ; 1898, 1-1899, 16/17	1898	1899	 1
1886, näyten:o 0 ; 1887, 1-1891, 12	1887	1891	 1
1913, provn:r oktober-1913, provn:r december	1913	1913	 1
1906, september-1910, desember	1906	1910	 1
1906, syyskuu-1910, joulukuu	1906	1910	 1
1884, 0 ; 1. årg. (1885), no 1-8. årg. (1892), no 24	1884	1892	 1
1895, 1-1917, 6	1895	1917	 1
1891, 1-1892, 22	1891	1892	 1
1865, 0-1889, 12	1865	1889	 1
1911, näyten:o [1]-2 ; 1911, 1-4 ; 1912, 1-27	1911	1912	 1
[1906], profn:r [1]-[1907], profn:r 2 ; 1907, 1-13	1906	1907	 1
1913, n:o 1-1913, n:o 3	1913	1913	 1
1899, [1]-1899, 6	1899	1899	 1
1909, n:o 1-1909, n:o 12	1909	1909	 1
1914, [1]-1916, 52	1914	1916	 1
1913, 1-1913, 17	1913	1913	 1
1905, 0-1907, 43	1905	1907	 1
1879-1912	1879	1912	 1
1893, 1-1915, 24	1893	1915	 1
1899, profn:r 0 ; 1900, n:o 1-1901, n:o 1	1900	1901	 1
1912, 1/2-1913, 9/10	1912	1913	 1
1914, 1-1917, 11/12	1914	1917	 1
1905, 1-1913, 12	1905	1913	 1
1905, provn:r ; 1906, n:o 1-1907, n:o 12	1906	1907	 1
1860, 0-1861, 12	1860	1861	 1
1912, 0-1912, 0	1912	1912	 1
1907, n:o 1 ; 1907, juni ; 1907, oktober ; 1908, december	1907	1908	 1
1905, 0-1910, 51	1905	1910	 1
1901, [1] ; 1903, 1-1905, 12	1901	1905	 1
1907, 1-1910, 8	1907	1910	 1
1897, n:o 0-1898, n:o 7	1898	1898	 1
1911, 1-1914, 3	1911	1914	 1
1893, [1]-1895, julnummer ; [1896, 1]	1893	1896	 1
1908, provn:r-1908, provn:r [2]	1908	1908	 1
1917, profn:r	1917	1917	 1
1912, provn:r 1	1912	1912	 1
1906, profn:r [a]-1907, 25	1906	1907	 1
1. årg. (1912), 1-2. årg. (1913), 12	1912	1913	 1
1894, 0-1902, 4	1894	1902	 1
1892, 1-1908, 12	1892	1908	 1
1903, 0-1914, 24	1903	1914	 1
1913, 1-1917, 12	1913	1917	 1
1909, 0-1913, 9	1909	1913	 1
1894, n:o 0 ; 1895, n:o 1-1896, n:o 1	1895	1896	 1
årg. 1 (1881), n:o 1-årg. 2 (1882), n:o 12	1881	1882	 1
1911, 0-1911, 0	1911	1911	 1
1905, 1-1907, 12	1905	1907	 1
1881, 1-1901, 12	1881	1901	 1
1916, 1-1917, 42	1916	1917	 1
1. årg. (1889), n:o 1-3. årg. (1891), n:o 6	1889	1891	 1
1864, 1-1864, 7	1864	1864	 1
1909, 1-1914, 51	1909	1914	 1
1899, 0-1904, [provn:r]	1899	1904	 1
1906, 1-1917, 52	1906	1917	 1
1907, 1-1914, 7	1907	1914	 1
1896, 0-1896, 0	1896	1896	 1
1894, 1-1896, 12	1894	1896	 1
1906, provn:r-1906, 10	1906	1906	 1
1. årg. (1912), profnummer 0-2. årg. (1914), n:o 24	1912	1914	 1
1912, profnummer-n:o 11/12	1912	1912	 1
1901, provn:r-1901, provn:r	1901	1901	 1
1897, [1]-1898, 21	1897	1898	 1
1890, häft i-1890, häft ii	1890	1890	 1
wsk. 1 (1856), n:o 1-wsk. 2 (1857), n:o 12	1856	1857	 1
1890, 1-1891, 10	1890	1891	 1
wsk. 1 (1885), n:o 1-wsk. 2 (1886), n:o 1	1885	1886	 1
n:o 0 (0.1.1839) ; n:o 1 (7.1.1839)-n:o11 (15.3.1841)	1839	1841	 1
årg. 1 (1855), 1-årg. 3 (1857), 12 ; årg. 1 (1861), 1-årg. 8 (1868), 5	1855	1868	 1
1865, 1-1876, 52	1865	1876	 1
1890, 1-1898, 12	1890	1898	 1
1884, 1-1897, 4	1884	1897	 1
1900, 0-1905, 46	1900	1905	 1
1854, no 1-1866, no 24	1854	1866	 1
1903, provn:r-1903, provn:r	1903	1903	 1
1915, näyten:o 2-1917, 9	1915	1917	 1
1907, 1-1908, 21	1907	1908	 1
1894, näyten:o-1896, 11/12	1896	1896	 1
1902, [1]	1902	1902	 1
1839, 1-1839, 12	1839	1839	 1
1840, 1-1845, 12	1840	1845	 1
1. årg., profn:r 1-mars (1907)	1907	1907	 1
1891, 0-1893, 1	1891	1893	 1
1880, 1	1880	1880	 1
1915, provn:r 1-1915, 12	1915	1915	 1
1915, näyten:o 1-12	1915	1915	 1
1916, 1-21	1916	1916	 1
1910, 0-00	1910	1910	 1
1. årg., 1 (1880)-19. årg., december (1898)	1880	1898	 1
1912, 1-1914, 1	1912	1914	 1
1910, 1-1910, 4	1910	1910	 1
1874, n:o 1- 1878, n:o 12	1878	1878	 1
1895, 0-1910, 24	1895	1910	 1
1. vsk., nro 00 (tammikuu 1905)-1. vsk., nro 45/46 (tammikuu 1906)	1905	1906	 1
1856, 1-1856, 52	1856	1856	 1
1898, 1-1903, 1	1898	1903	 1
1803, 1-1803, 104	NA	1803	 1
1888, 1-1903, [12b]	1888	1903	 1
1904, 1-1911, 12	1904	1911	 1
[1902], näyten:o-1904, kesälehti	1902	1904	 1
1907, provn:r 1-1911, 5	1907	1911	 1
1916, 1-1916, 14	1916	1916	 1
1887, näytenro ; 1888, 1-1892, 11/12	1888	1892	 1
1845, januari-1848, december	1845	1848	 1
1905, n:o 1-1917, n:o 20	1917	1917	 1
1906, näytenumero-1913, 12	1906	1913	 1
1896, n:o 1-1899, ix:säs vihko	1899	1899	 1
1903, n:o 1-1917, n:o 12	1917	1917	 1
1893, 1-1894, 68	1893	1894	 1
1873, 1-1880, 150	NA	1880	 1
1917, 1-1917, 3	1917	1917	 1
1857, 1-1859, 52	1857	1859	 1
1884, 0 ; 1885, 1-1896, 24	1884	1896	 1
1888, 0-1905, joulukuu	1888	1905	 1
1897, 1-1898, 28	1897	1898	 1
1881, 1-1882, 11/12	1881	1882	 1
1881, 0-3	1881	1881	 1
1896, 1-3	1896	1896	 1
1912, 0-1913, 24	1912	1913	 1
1907, näytenro ; 1907, 1-1910, 2	1907	1910	 1
1902, 1	1902	1902	 1
1897, 1-7	1897	1897	 1
1897, 0-1904, 8	1897	1904	 1
1866, 1-1880, 12	1866	1880	 1
1894, n:o 0 ; 1895, n:o 1-1896, n:o 12	1895	1896	 1
12.7.1891	1891	1891	 1
1871, 1-1875, [7]	1871	1875	 1
1912, n:o 1-1917, n:o 5	1917	1917	 1
1/2 (1901)-4 (1902)	1901	1902	 1
1886, n:o 1-1897, n:o 12	1897	1897	 1
1912, 1-1913, 52	1912	1913	 1
1899, 1-1916, joulukuu	1899	1916	 1
1892, näyten:o ; 1893, n:o 1-1916, n:o 5	1893	1916	 1
1908, [1]-1909, joulun:o	1908	1909	 1
1906, näyten:o-1907, 12	1906	1907	 1
näytenumerot 29.3., 6.4., 12.4. ja 26.4.1906 ; 10.5.1906-07	1906	1907	 1
1908, 1-1910, 52	1908	1910	 1
1911, 1-1914, 28	1911	1914	 1
1897, 1-1900, 12	1897	1900	 1
1892, 1-12	1892	1892	 1
1895, 0 ; 1896, 1-1899, 52	1895	1899	 1
1901, 1-1901, 3	1901	1901	 1
1899, 1-1900, 12	1899	1900	 1
1892, 0-1893, 52	1892	1893	 1
1894, näyten:o-1896, 52	1894	1896	 1
1893, 1-1897, joulun:o	1893	1897	 1
1905, näyten:o	1905	1905	 1
1875, 1-1881, 24	1875	1881	 1
1900, 0-1906, joulukuu	1900	1906	 1
1908, 1/2-19/24 b	1908	1908	 1
1906, vårpublikation-1907, vårpublikation ; 1907, profnummer ; 1908, provn:r-1908, 6	1907	1908	 1
1894, 0-1895, 20	1894	1895	 1
1. vsk. (1911), 1-3. vsk. (1913), 12	1911	1913	 1
1906, 1-3	1906	1906	 1
1867, 1-1867, 3	1867	1867	 1
1909, 1-1909, 10/11	1909	1909	 1
1901, provn:r ; 1903 , n:o 1-1906, n:o 24	1903	1906	 1
1909, 1 a-1910, 39	1909	1910	 1
1909, näyten:o-1910, 23	1909	1910	 1
1909, 1-1912, 12	1909	1912	 1
1907, 1-1908, 48	1907	1908	 1
1908, 49-1914, 3	1908	1914	 1
1899, 1-1909, näyten:o 3	1899	1909	 1
näytenumerot 9.3., 22.3. ja 30.3.1907 ; 6.4.1907-19.12.1908	1907	1908	 1
1890, no 1-1891, no 13	1890	1891	 1
1902, 1-1910, 37	1902	1910	 1
1865, n:o 1-6	1865	1865	 1
1880, 0-1881, 12	1880	1881	 1
1899, 0 ; 1900, 1-1901, 5	1899	1901	 1
1908, 1-1914, 10	1908	1914	 1
1902, [1]-[2]	1902	1902	 1
1897, 1-10	1897	1897	 1
1896, 0-1897, [25]	1896	1897	 1
1914, 1-1914, 2	1914	1914	 1
1908, 1-1910, 3	1908	1910	 1
1910, 0 ; 1911, 1-1917, 11/12	1911	1917	 1
profn:r (5.2.1910)-profn:r (19.2.1910) ; 1910, 1-45	1910	1910	 1
1912, 0-1 ; 1913, 1-13	1912	1913	 1
1898, 1-1898, 3	1898	1898	 1
1896, 1-1898, 5	1896	1898	 1
1895, 0-1899, 3	1895	1899	 1
1892, 1/2-12	1892	1892	 1
1895, 0-1896, 1	1895	1896	 1
1836, 1-1838, 51	1836	1838	 1
1870, 1-52	1870	1870	 1
1888, 1-9	1888	1888	 1
1893, n:o 0 ; årg. 1 (1894), n:o 1-årg. 16 (1909), n:o 22	1894	1909	 1
1889, n:o 1-1894, n:o 12	1894	1894	 1
1915, provn:r-1917, 50	1915	1917	 1
1910, profn:r 1-1916, 6	1910	1916	 1
1911, näyten:o 1-1911, näyten:o 4	1911	1911	 1
1909, 0-1914, 24	1909	1914	 1
1910, 1-1912, 11	1910	1912	 1
1903, 1/2-1916, 51/52	1903	1916	 1
1911, näyten:o-1912, 9	1911	1912	 1
1909, provn:r-1910, 4	1909	1910	 1
1. årg., 1(1889)-24. årg., 6(1912)	1889	1912	 1
1. vsk. (1918)-60. vsk. (1977)	1918	1977	 1
3.1.1791-30.12.1799	1791	1799	 1
2.1.-24.12.1789	1789	1789	 1
15.1.1771-26.5.1785	1771	1785	 1
näytenumero syyskuussa 1775 ; 1776	1775	1776	 1
1782, 1-1782, 16	1782	1782	 1
1783, 1-1783, 24	1783	1783	 1
