original	publication_year	publication_year_from	publication_year_till	Count
Total count: 	20306			
[1808]	1808	1808	NA	257
[1807]	1807	1807	NA	251
[1790]	1790	1790	NA	250
[1806]	1806	1806	NA	229
[1789]	1789	1789	NA	227
[1791]	1791	1791	NA	226
[1809]	1809	1809	NA	218
[1788]	1788	1788	NA	215
[1792]	1792	1792	NA	202
[1786]	1786	1786	NA	196
[1802]	1802	1802	NA	189
[1801]	1801	1801	NA	189
[1787]	1787	1787	NA	186
[1798]	1798	1798	NA	171
[1803]	1803	1803	NA	170
[1775]	1775	1775	NA	169
[1785]	1785	1785	NA	168
[1800]	1800	1800	NA	165
[1797]	1797	1797	NA	165
[1772]	1772	1772	NA	163
[1799]	1799	1799	NA	162
[1697]	1697	1697	NA	156
[1778]	1778	1778	NA	155
[1784]	1784	1784	NA	146
[1777]	1777	1777	NA	136
[1796]	1796	1796	NA	135
[1795]	1795	1795	NA	129
[1776]	1776	1776	NA	128
[1694]	1694	1694	NA	123
[1774]	1774	1774	NA	123
[1773]	1773	1773	NA	122
[1771]	1771	1771	NA	120
[1748]	1748	1748	NA	117
[1766]	1766	1766	NA	116
[1741]	1741	1741	NA	115
[1695]	1695	1695	NA	113
[1762]	1762	1762	NA	112
[1693]	1693	1693	NA	111
[1782]	1782	1782	NA	108
[1688]	1688	1688	NA	107
[1780]	1780	1780	NA	106
[1690]	1690	1690	NA	104
[1760]	1760	1760	NA	104
[1751]	1751	1751	NA	103
[1745]	1745	1745	NA	102
[1805]	1805	1805	NA	101
[1779]	1779	1779	NA	 98
[1712]	1712	1712	NA	 98
[1685]	1685	1685	NA	 97
[1679]	1679	1679	NA	 97
[1735]	1735	1735	NA	 96
[1757]	1757	1757	NA	 93
[1691]	1691	1691	NA	 91
[1692]	1692	1692	NA	 90
[1781]	1781	1781	NA	 89
[1709]	1709	1709	NA	 89
[1700]	1700	1700	NA	 88
[1754]	1754	1754	NA	 88
[1744]	1744	1744	NA	 87
[1698]	1698	1698	NA	 86
[1763]	1763	1763	NA	 86
[1732]	1732	1732	NA	 86
[1753]	1753	1753	NA	 85
[1783]	1783	1783	NA	 85
[1707]	1707	1707	NA	 84
[1752]	1752	1752	NA	 84
[1708]	1708	1708	NA	 83
[1687]	1687	1687	NA	 81
[1680]	1680	1680	NA	 81
[1689]	1689	1689	NA	 79
[1737]	1737	1737	NA	 79
[1730]	1730	1730	NA	 78
[1769]	1769	1769	NA	 77
[1664]	1664	1664	NA	 76
[1804]	1804	1804	NA	 75
[1682]	1682	1682	NA	 75
[1738]	1738	1738	NA	 75
[1793]	1793	1793	NA	 75
[1764]	1764	1764	NA	 75
[1696]	1696	1696	NA	 74
[1703]	1703	1703	NA	 73
[1699]	1699	1699	NA	 72
[1759]	1759	1759	NA	 72
[1655]	1655	1655	NA	 70
[1765]	1765	1765	NA	 70
[1729]	1729	1729	NA	 70
[1686]	1686	1686	NA	 67
[1656]	1656	1656	NA	 67
1808.	1808	1808	NA	 66
[1743]	1743	1743	NA	 66
[1740]	1740	1740	NA	 66
[1767]	1767	1767	NA	 66
[1827]	1827	1827	NA	 65
[1747]	1747	1747	NA	 65
[1768]	1768	1768	NA	 65
[1794]	1794	1794	NA	 65
[1823]	1823	1823	NA	 64
[1681]	1681	1681	NA	 64
[1756]	1756	1756	NA	 64
[1742]	1742	1742	NA	 64
[1819]	1819	1819	NA	 63
1789.	1789	1789	NA	 63
[1736]	1736	1736	NA	 63
[1678]	1678	1678	NA	 62
1790.	1790	1790	NA	 62
[1750]	1750	1750	NA	 62
1771.	1771	1771	NA	 61
[1673]	1673	1673	NA	 60
[1733]	1733	1733	NA	 60
[1758]	1758	1758	NA	 59
[1755]	1755	1755	NA	 57
[1660]	1660	1660	NA	 56
1792.	1792	1792	NA	 56
[1761]	1761	1761	NA	 56
[1710]	1710	1710	NA	 55
[1734]	1734	1734	NA	 55
[1677]	1677	1677	NA	 54
[1683]	1683	1683	NA	 54
[1749]	1749	1749	NA	 54
[1728]	1728	1728	NA	 54
[1654]	1654	1654	NA	 53
1788.	1788	1788	NA	 53
1772.	1772	1772	NA	 53
[1704]	1704	1704	NA	 53
[1815]	1815	1815	NA	 52
[1675]	1675	1675	NA	 52
[1674]	1674	1674	NA	 52
[1684]	1684	1684	NA	 52
[1810]	1810	1810	NA	 51
[1661]	1661	1661	NA	 51
[1711]	1711	1711	NA	 51
[1770]	1770	1770	NA	 51
1770.	1770	1770	NA	 50
[1746]	1746	1746	NA	 50
[1705]	1705	1705	NA	 49
[1739]	1739	1739	NA	 49
1650.	1650	1650	NA	 48
[1662]	1662	1662	NA	 48
anno 1648.	1648	1648	NA	 48
[1706]	1706	1706	NA	 48
1809.	1809	1809	NA	 46
[1702]	1702	1702	NA	 46
[1731]	1731	1731	NA	 46
[1821]	1821	1821	NA	 45
[1671]	1671	1671	NA	 44
1646.	1646	1646	NA	 44
1800.	1800	1800	NA	 44
[1726]	1726	1726	NA	 44
[1676]	1676	1676	NA	 43
[1669]	1669	1669	NA	 42
1652.	1652	1652	NA	 42
1778.	1778	1778	NA	 42
1647.	1647	1647	NA	 41
[1701]	1701	1701	NA	 41
[1826]	1826	1826	NA	 40
[1668]	1668	1668	NA	 40
anno 1649.	1649	1649	NA	 40
an. 1653.	1653	1653	NA	 39
[1667]	1667	1667	NA	 39
[1672]	1672	1672	NA	 39
1769.	1769	1769	NA	 39
[1724]	1724	1724	NA	 39
1803.	1803	1803	NA	 38
anno 1651.	1651	1651	NA	 38
[1665]	1665	1665	NA	 38
1798.	1798	1798	NA	 38
[1663]	1663	1663	NA	 37
1805.	1805	1805	NA	 37
1766.	1766	1766	NA	 37
[1721]	1721	1721	NA	 37
[1822]	1822	1822	NA	 36
[1818]	1818	1818	NA	 36
1779.	1779	1779	NA	 36
1765.	1765	1765	NA	 36
1806.	1806	1806	NA	 35
[1817]	1817	1817	NA	 35
[1657]	1657	1657	NA	 35
[1723]	1723	1723	NA	 35
1804.	1804	1804	NA	 34
[1713]	1713	1713	NA	 34
[1670]	1670	1670	NA	 33
1807.	1807	1807	NA	 32
1799.	1799	1799	NA	 32
1795.	1795	1795	NA	 32
[1825]	1825	1825	NA	 31
[1666]	1666	1666	NA	 31
[1725]	1725	1725	NA	 31
1802.	1802	1802	NA	 30
1645.	1645	1645	NA	 30
[1717]	1717	1717	NA	 30
[1757].	1757	1757	NA	 29
[1659]	1659	1659	NA	 29
1787.	1787	1787	NA	 29
1780.	1780	1780	NA	 29
1768.	1768	1768	NA	 29
1801.	1801	1801	NA	 28
[1824]	1824	1824	NA	 28
[1658]	1658	1658	NA	 28
1791.	1791	1791	NA	 28
1781.	1781	1781	NA	 28
[1714]	1714	1714	NA	 27
1776.	1776	1776	NA	 27
[1812]	1812	1812	NA	 26
[1811]	1811	1811	NA	 26
[1653]	1653	1653	NA	 26
1784.	1784	1784	NA	 26
[1816]	1816	1816	NA	 24
1793.	1793	1793	NA	 24
1777.	1777	1777	NA	 24
[1649]	1649	1649	NA	 23
1651.	1651	1651	NA	 23
wuonna 1757.	1757	1757	NA	 23
1794.	1794	1794	NA	 23
1643.	1643	1643	NA	 22
1786.	1786	1786	NA	 22
1775.	1775	1775	NA	 22
1742.	1742	1742	NA	 22
[1719]	1719	1719	NA	 22
1774.	1774	1774	NA	 22
[1820]	1820	1820	NA	 21
1644.	1644	1644	NA	 21
[1650]	1650	1650	NA	 21
1726.	1726	1726	NA	 21
1797.	1797	1797	NA	 21
1782.	1782	1782	NA	 21
wuonna 1775.	1775	1775	NA	 21
[1727]	1727	1727	NA	 21
anno 1652.	1652	1652	NA	 20
wuonna 1756.	1756	1756	NA	 20
1761.	1761	1761	NA	 20
1783.	1783	1783	NA	 20
[1718]	1718	1718	NA	 20
1818.	1818	1818	NA	 19
1743.	1743	1743	NA	 19
1796.	1796	1796	NA	 19
1785.	1785	1785	NA	 19
1762.	1762	1762	NA	 19
[1722]	1722	1722	NA	 19
1828.	1828	1828	NA	 18
1757.	1757	1757	NA	 18
[1716]	1716	1716	NA	 18
1767.	1767	1767	NA	 18
1741.	1741	1741	NA	 17
1773.	1773	1773	NA	 17
1815.	1815	1815	NA	 16
1826.	1826	1826	NA	 16
1821.	1821	1821	NA	 16
[1813]	1813	1813	NA	 16
1648.	1648	1648	NA	 16
anno 1650.	1650	1650	NA	 16
1654.	1654	1654	NA	 16
[1814]	1814	1814	NA	 15
[1720]	1720	1720	NA	 15
1810.	1810	1810	NA	 14
1653.	1653	1653	NA	 14
wuonna 1778.	1778	1778	NA	 14
1752.	1752	1752	NA	 14
1754.	1754	1754	NA	 14
wuonna 1776.	1776	1776	NA	 14
1738.	1738	1738	NA	 14
anno 1670.	1670	1670	NA	 13
[1646]	1646	1646	NA	 13
[1644]	1644	1644	NA	 13
åhr 1681.	1681	1681	NA	 13
[1652]	1652	1652	NA	 13
1737.	1737	1737	NA	 13
1732.	1732	1732	NA	 13
[1715]	1715	1715	NA	 13
anno 1643.	1643	1643	NA	 12
anno 1664.	1664	1664	NA	 12
åhr 1679.	1679	1679	NA	 12
prändätty wuonna 1770.	1770	1770	NA	 12
1751.	1751	1751	NA	 12
1756.	1756	1756	NA	 12
1753.	1753	1753	NA	 12
1747.	1747	1747	NA	 12
wuonna 1779.	1779	1779	NA	 12
1733.	1733	1733	NA	 12
1817	1817	1817	NA	 11
1819	1819	1819	NA	 11
1811.	1811	1811	NA	 11
1817.	1817	1817	NA	 11
1820.	1820	1820	NA	 11
1826	1826	1826	NA	 11
[1648]	1648	1648	NA	 11
1749.	1749	1749	NA	 11
1824.	1824	1824	NA	 10
1822.	1822	1822	NA	 10
[1828]	1828	1828	NA	 10
[1633]	1633	1633	NA	 10
[1643]	1643	1643	NA	 10
1649.	1649	1649	NA	 10
[1645]	1645	1645	NA	 10
åhr 1673.	1673	1673	NA	 10
åhr 1680.	1680	1680	NA	 10
1748.	1748	1748	NA	 10
1758.	1758	1758	NA	 10
1750.	1750	1750	NA	 10
wuonna 1755.	1755	1755	NA	 10
1731.	1731	1731	NA	 10
1816	1816	1816	NA	  9
1825.	1825	1825	NA	  9
wuonna 1802.	1802	1802	NA	  9
1819.	1819	1819	NA	  9
1823.	1823	1823	NA	  9
1827.	1827	1827	NA	  9
anno 1639.	1639	1639	NA	  9
anno 1642.	1642	1642	NA	  9
[1620]	1620	1620	NA	  9
åhr 1676.	1676	1676	NA	  9
åhr 1675.	1675	1675	NA	  9
anno 1675.	1675	1675	NA	  9
anno 1671.	1671	1671	NA	  9
åhr 1689.	1689	1689	NA	  9
prändätty wuonna 1791.	1791	1791	NA	  9
prändätty wuonna 1776.	1776	1776	NA	  9
wuonna 1787.	1787	1787	NA	  9
[1776--1804]	1776	1776	1804	  9
1755.	1755	1755	NA	  9
wuonna 1799.	1799	1799	NA	  9
1730.	1730	1730	NA	  9
wuonna 1794.	1794	1794	NA	  9
wuonna 1781.	1781	1781	NA	  9
1764.	1764	1764	NA	  9
1763.	1763	1763	NA	  9
1827	1827	1827	NA	  8
1822	1822	1822	NA	  8
1813.	1813	1813	NA	  8
[1647]	1647	1647	NA	  8
anno 1669.	1669	1669	NA	  8
anno 1631.	1631	1631	NA	  8
åhr 1677.	1677	1677	NA	  8
prändätty wuonna 1792.	1792	1792	NA	  8
år 1773.	1773	1773	NA	  8
1759.	1759	1759	NA	  8
1728.	1728	1728	NA	  8
wuonna 1788.	1788	1788	NA	  8
wuonna 1765.	1765	1765	NA	  8
1729.	1729	1729	NA	  8
wuonna 1774.	1774	1774	NA	  8
wuonna 1761.	1761	1761	NA	  8
1816.	1816	1816	NA	  7
anno 1647.	1647	1647	NA	  7
anno 1694.	1694	1694	NA	  7
[1621]	1621	1621	NA	  7
åhr 1678.	1678	1678	NA	  7
anno 1674.	1674	1674	NA	  7
åhr 1670.	1670	1670	NA	  7
åhr 1669.	1669	1669	NA	  7
[1640]	1640	1640	NA	  7
anno 1611.	1611	1611	NA	  7
åhr 1684.	1684	1684	NA	  7
anno 1655.	1655	1655	NA	  7
anno 1690.	1690	1690	NA	  7
wuonna 1786.	1786	1786	NA	  7
prändätty wuonna 1787.	1787	1787	NA	  7
wuonna 1791.	1791	1791	NA	  7
wuonna 1769.	1769	1769	NA	  7
1825?	1825	1825	NA	  6
prändätty wuonna 1801.	1801	1801	NA	  6
[1657?]	1657	1657	NA	  6
anno 1683.	1683	1683	NA	  6
a. 1650.	1650	1650	NA	  6
1682.	1682	1682	NA	  6
[1622]	1622	1622	NA	  6
[1614]	1614	1614	NA	  6
[1651]	1651	1651	NA	  6
[1632]	1632	1632	NA	  6
åhr 1666.	1666	1666	NA	  6
anno 1665.	1665	1665	NA	  6
anno 1668.	1668	1668	NA	  6
anno 1654.	1654	1654	NA	  6
anno 1662.	1662	1662	NA	  6
åhr 1671.	1671	1671	NA	  6
anno 1629.	1629	1629	NA	  6
anno 1634.	1634	1634	NA	  6
anno 1688.	1688	1688	NA	  6
1689.	1689	1689	NA	  6
1688.	1688	1688	NA	  6
åhr 1686.	1686	1686	NA	  6
åhr 1717.	1717	1717	NA	  6
prändätty wuonna 1740.	1740	1740	NA	  6
prändätty wuonna 1783.	1783	1783	NA	  6
prändätty wuonna 1761.	1761	1761	NA	  6
prändätty wuonna 1798.	1798	1798	NA	  6
prändätty wuonna 1746.	1746	1746	NA	  6
1727.	1727	1727	NA	  6
wuonna 1793.	1793	1793	NA	  6
1706.	1706	1706	NA	  6
1746.	1746	1746	NA	  6
1810	1810	1810	NA	  5
1814.	1814	1814	NA	  5
wuonna 1803.	1803	1803	NA	  5
anno 1636.	1636	1636	NA	  5
anno 1632.	1632	1632	NA	  5
[1655?]	1655	1655	NA	  5
[1656?]	1656	1656	NA	  5
anno 1630.	1630	1630	NA	  5
anno 1614.	1614	1614	NA	  5
anno 1687.	1687	1687	NA	  5
anno 1644.	1644	1644	NA	  5
anno 1686.	1686	1686	NA	  5
[1619]	1619	1619	NA	  5
[1609]	1609	1609	NA	  5
[1617]	1617	1617	NA	  5
anno 1679.	1679	1679	NA	  5
åhr 1682.	1682	1682	NA	  5
åhr 1667.	1667	1667	NA	  5
anno 1666.	1666	1666	NA	  5
anno 1672.	1672	1672	NA	  5
1697.	1697	1697	NA	  5
anno 1695.	1695	1695	NA	  5
anno 1641.	1641	1641	NA	  5
anno 1633.	1633	1633	NA	  5
1633.	1633	1633	NA	  5
åhr 1688.	1688	1688	NA	  5
åhr 1685.	1685	1685	NA	  5
1684.	1684	1684	NA	  5
1739.	1739	1739	NA	  5
wuonna 1792.	1792	1792	NA	  5
1736.	1736	1736	NA	  5
åhr 1729.	1729	1729	NA	  5
1720.	1720	1720	NA	  5
prändätty wuonna 1769.	1769	1769	NA	  5
prändätty wuonna 1764.	1764	1764	NA	  5
år 1769.	1769	1769	NA	  5
åhr 1728.	1728	1728	NA	  5
1740.	1740	1740	NA	  5
wuonna 1777.	1777	1777	NA	  5
åhr 1726.	1726	1726	NA	  5
1760.	1760	1760	NA	  5
1722.	1722	1722	NA	  5
wuonna 1783.	1783	1783	NA	  5
1745.	1745	1745	NA	  5
wuonna 1780.	1780	1780	NA	  5
1734.	1734	1734	NA	  5
wuonna 1766.	1766	1766	NA	  5
1718.	1718	1718	NA	  5
år 1770.	1770	1770	NA	  5
1823?	1823	1823	NA	  4
1821	1821	1821	NA	  4
wuonna 1807.	1807	1807	NA	  4
wuonna 1801.	1801	1801	NA	  4
1812.	1812	1812	NA	  4
1818	1818	1818	NA	  4
[n. 1800]	1800	1800	NA	  4
[1628]	1628	1628	NA	  4
[1638]	1638	1638	NA	  4
wuonna 1685.	1685	1685	NA	  4
anno 1684.	1684	1684	NA	  4
[1689-1693]	1689	1689	1693	  4
a. 1651.	1651	1651	NA	  4
anno 1608.	1608	1608	NA	  4
anno 1673.	1673	1673	NA	  4
[1618]	1618	1618	NA	  4
[1779--1786]	1779	1779	1786	  4
[1615]	1615	1615	NA	  4
[1612]	1612	1612	NA	  4
tryckt åhr 1679.	1679	1679	NA	  4
anno 1676.	1676	1676	NA	  4
tryckt åhr 1672.	1672	1672	NA	  4
[1634]	1634	1634	NA	  4
1637.	1637	1637	NA	  4
[1625]	1625	1625	NA	  4
åhr 1646.	1646	1646	NA	  4
anno 1628.	1628	1628	NA	  4
[1690 tai myöh.]	1690	1690	NA	  4
1687.	1687	1687	NA	  4
anno 1685.	1685	1685	NA	  4
wuonna 1681.	1681	1681	NA	  4
1678.	1678	1678	NA	  4
1656.	1656	1656	NA	  4
anno 1656.	1656	1656	NA	  4
1693.	1693	1693	NA	  4
1694.	1694	1694	NA	  4
1692.	1692	1692	NA	  4
anno 1692.	1692	1692	NA	  4
åhr 1692.	1692	1692	NA	  4
wuonna 1782.	1782	1782	NA	  4
1725.	1725	1725	NA	  4
1719.	1719	1719	NA	  4
prändätty wuonna 1797.	1797	1797	NA	  4
prändätty wuonna 1794.	1794	1794	NA	  4
prändätty wuonna 1784.	1784	1784	NA	  4
prändätty 1787.	1787	1787	NA	  4
prändätty wuonna 1766.	1766	1766	NA	  4
prändätty wuonna 1753.	1753	1753	NA	  4
prändätty wuonna 1785.	1785	1785	NA	  4
prändätty wuonna 1788.	1788	1788	NA	  4
wuonna 1785.	1785	1785	NA	  4
åhr 1760.	1760	1760	NA	  4
åhr 1720.	1720	1720	NA	  4
w. 1779.	1779	1779	NA	  4
wuonna 1735.	1735	1735	NA	  4
1724.	1724	1724	NA	  4
1708.	1708	1708	NA	  4
wuonna 1784.	1784	1784	NA	  4
wuonna 1746.	1746	1746	NA	  4
wuonna 1745.	1745	1745	NA	  4
år 1774.	1774	1774	NA	  4
år 1765.	1765	1765	NA	  4
wuonna 1789.	1789	1789	NA	  4
wuonna 1767.	1767	1767	NA	  4
åhr 1738.	1738	1738	NA	  4
wuonna 1732.	1732	1732	NA	  4
1715.	1715	1715	NA	  4
1824?	1824	1824	NA	  3
1815	1815	1815	NA	  3
1828-1832.	1828	1828	1832	  3
1824	1824	1824	NA	  3
wuonna 1805.	1805	1805	NA	  3
prändätty wuonna 1807.	1807	1807	NA	  3
[år 1806]	1806	1806	NA	  3
1825	1825	1825	NA	  3
avecq privilege pour vingt ans. 1666.	1666	1666	NA	  3
Prändätty tänä wuonna [1764]	1764	1764	NA	  3
wuonna 1666.	1666	1666	NA	  3
prändätty wuonna 1673.	1673	1673	NA	  3
[1681?]	1681	1681	NA	  3
anno 1623.	1623	1623	NA	  3
anno 1700.	1700	1700	NA	  3
[1655 tai aik.]	1655	1655	NA	  3
anno Christi 1693.	1693	1693	NA	  3
[1635]	1635	1635	NA	  3
anno 1635.	1635	1635	NA	  3
[1611]	1611	1611	NA	  3
[n. 1680]	1680	1680	NA	  3
[n. 1700]	1700	1700	NA	  3
prändätty wuonna, 1683.	1683	1683	NA	  3
anno 1640.	1640	1640	NA	  3
anno 1661.	1661	1661	NA	  3
anno 1645.	1645	1645	NA	  3
anno 1638.	1638	1638	NA	  3
1690.	1690	1690	NA	  3
1691.	1691	1691	NA	  3
wuonna 1686.	1686	1686	NA	  3
[1653?]	1653	1653	NA	  3
1551.	1551	1551	NA	  3
anno. 1652.	1652	1652	NA	  3
1683.	1683	1683	NA	  3
[1605]	1605	1605	NA	  3
1674.	1674	1674	NA	  3
anno 1637.	1637	1637	NA	  3
1619.	1619	1619	NA	  3
åhr 1643.	1643	1643	NA	  3
[1596]	1596	1596	NA	  3
1695.	1695	1695	NA	  3
wuonna 1689.	1689	1689	NA	  3
wuonna 1687.	1687	1687	NA	  3
anno 1619.	1619	1619	NA	  3
wuonna 1695.	1695	1695	NA	  3
anno 1696.	1696	1696	NA	  3
[1597]	1597	1597	NA	  3
[1608?]	1608	1608	NA	  3
wuonna 1667.	1667	1667	NA	  3
[1616]	1616	1616	NA	  3
prändätty wuonna 1774.	1774	1774	NA	  3
[1642]	1642	1642	NA	  3
[1641]	1641	1641	NA	  3
1620.	1620	1620	NA	  3
åhr 1683.	1683	1683	NA	  3
1670.	1670	1670	NA	  3
[1631]	1631	1631	NA	  3
åhr 1665.	1665	1665	NA	  3
1661.	1661	1661	NA	  3
åhr 1674.	1674	1674	NA	  3
[1673] Turku.	1673	1673	NA	  3
åhr 1672.	1672	1672	NA	  3
[1675] Turku.	1675	1675	NA	  3
anno 1625.	1625	1625	NA	  3
[1639]	1639	1639	NA	  3
anno 1698.	1698	1698	NA	  3
1696.	1696	1696	NA	  3
åhr 1623.	1623	1623	NA	  3
anno 1613.	1613	1613	NA	  3
anno 1610.	1610	1610	NA	  3
anno 1592.	1592	1592	NA	  3
anno 1627.	1627	1627	NA	  3
1635.	1635	1635	NA	  3
1634.	1634	1634	NA	  3
åhr efter Christi födelse 1684.	1684	1684	NA	  3
åhr 1690.	1690	1690	NA	  3
anno 1681.	1681	1681	NA	  3
anno 1660.	1660	1660	NA	  3
1658.	1658	1658	NA	  3
1657.	1657	1657	NA	  3
åhr 1656.	1656	1656	NA	  3
1744.	1744	1744	NA	  3
wuonna 1772.	1772	1772	NA	  3
åhr 1757.	1757	1757	NA	  3
1709.	1709	1709	NA	  3
år 1800.	1800	1800	NA	  3
[1794--1800]	1794	1794	1800	  3
prändätty wuonna 1768.	1768	1768	NA	  3
prändätty wuonna 1741.	1741	1741	NA	  3
prändätty wuonna 1748.	1748	1748	NA	  3
prändätty wuonna 1738.	1738	1738	NA	  3
prändätty wuonna 1800.	1800	1800	NA	  3
prändätty wuonna 1771.	1771	1771	NA	  3
prändätty wuonna 1767.	1767	1767	NA	  3
prändätty wuonna 1777.	1777	1777	NA	  3
prändätty wuonna 1779.	1779	1779	NA	  3
prändätty wuonna 1744.	1744	1744	NA	  3
prändätty 1735.	1735	1735	NA	  3
prändätty wuonna 1786.	1786	1786	NA	  3
prändätty wuonna 1702.	1702	1702	NA	  3
prändätty wuonna 1742.	1742	1742	NA	  3
åhr 1758.	1758	1758	NA	  3
år 1785.	1785	1785	NA	  3
åhr 1722.	1722	1722	NA	  3
[1779--1785]	1779	1779	1785	  3
år 1752.	1752	1752	NA	  3
åhr 1727.	1727	1727	NA	  3
åhr 1724.	1724	1724	NA	  3
år 1771.	1771	1771	NA	  3
år 1751.	1751	1751	NA	  3
anno 1732.	1732	1732	NA	  3
a. 1704.	1704	1704	NA	  3
åhr 1759.	1759	1759	NA	  3
wuonna 1800.	1800	1800	NA	  3
wuonna 1798.	1798	1798	NA	  3
wuonna 1747.	1747	1747	NA	  3
wuonna 1758.	1758	1758	NA	  3
wuonna 1739.	1739	1739	NA	  3
[1731--1759]	1731	1731	1759	  3
wuonna 1762.	1762	1762	NA	  3
prändätty wuonna 1778.	1778	1778	NA	  3
1710.	1710	1710	NA	  3
1701.	1701	1701	NA	  3
wuonna 1797.	1797	1797	NA	  3
wuonna 1759.	1759	1759	NA	  3
wuonna 1754.	1754	1754	NA	  3
wuonna 1741.	1741	1741	NA	  3
1822?	1822	1822	NA	  2
MDCCCXI [1811]	1811	1811	NA	  2
[1804].	1804	1804	NA	  2
[n. 1820].	1820	1820	NA	  2
An XII. - 1804.	1804	NA	1804	  2
1801-1802.	1801	1801	1802	  2
1811	1811	1811	NA	  2
1820	1820	1820	NA	  2
wastaudesta prändätty 1801.	1801	1801	NA	  2
[1807--1838]	1807	1807	1838	  2
1818-1821.	1818	1818	1821	  2
prändätyt wuonna 1802.	1802	1802	NA	  2
[1810?]	1810	1810	NA	  2
prändätty wuonna 1809.	1809	1809	NA	  2
prändätty wuonna 1802.	1802	1802	NA	  2
prändättyt wuonna 1801.	1801	1801	NA	  2
wuonna 1808.	1808	1808	NA	  2
[1801--1802]	1801	1801	1802	  2
wuonna 1806.	1806	1806	NA	  2
[vuosien 1731 ja 1756 välillä]	1731	1731	1756	  2
[1747].	1747	1747	NA	  2
[ca. 1730].	1730	1730	NA	  2
[1645].	1645	1645	NA	  2
[n. 1720]	1720	1720	NA	  2
[n. 1750?]	1750	1750	NA	  2
[1660?].	1660	1660	NA	  2
Präntätty tänä wuonna [1764]	1764	1764	NA	  2
w. 1749.	1749	1749	NA	  2
[1728 ... 1737]	1728	1728	1737	  2
prändätty wuonna 1789.	1789	1789	NA	  2
prändätty wuonna 1796.	1796	1796	NA	  2
w. 1787.	1787	1787	NA	  2
[1787--1804]	1787	1787	1804	  2
prändätty wuonna 1780.	1780	1780	NA	  2
1721.	1721	1721	NA	  2
[1741?]	1741	1741	NA	  2
An. 1769.	1769	1769	NA	  2
[år 1765]	1765	1765	NA	  2
1628.	1628	1628	NA	  2
anno 1562.	1562	1562	NA	  2
[1562]	1562	1562	NA	  2
1673.	1673	1673	NA	  2
wuonna, 1667.	1667	1667	NA	  2
wuona 1684.	1684	1684	NA	  2
wuonna 1680.	1680	1680	NA	  2
1680.	1680	1680	NA	  2
1616.	1616	1616	NA	  2
år 1745.	1745	1745	NA	  2
1704.	1704	1704	NA	  2
anno M.DCC. [1700]	1700	1700	NA	  2
wuonna 1700.	1700	1700	NA	  2
[1678-1690]	1678	1678	1690	  2
1669.	1669	1669	NA	  2
[1646-1647]	1646	1646	1647	  2
1604.	1604	1604	NA	  2
anno 1646.	1646	1646	NA	  2
[1593]	1593	1593	NA	  2
anno 1606.	1606	1606	NA	  2
anno 1607.	1607	1607	NA	  2
anno ae. c. 1653.	1653	1653	NA	  2
1632.	1632	1632	NA	  2
[1591]	1591	1591	NA	  2
åhr 1640.	1640	1640	NA	  2
anno 1680.	1680	1680	NA	  2
[1687-1700]	1687	1687	1700	  2
prändätty wuona 1689.	1689	1689	NA	  2
wuonna 1683.	1683	1683	NA	  2
1686.	1686	1686	NA	  2
[1652?]	1652	1652	NA	  2
[1688-1693]	1688	1688	1693	  2
anno 1691.	1691	1691	NA	  2
wuonna 1674.	1674	1674	NA	  2
an, 1647.	1647	1647	NA	  2
[1664?]	1664	1664	NA	  2
[1694?]	1694	1694	NA	  2
[anno 1642]	1642	1642	NA	  2
[1683?]	1683	1683	NA	  2
[1669-1679]	1669	1669	1679	  2
anno 1682.	1682	1682	NA	  2
im Jahr 1675.	1675	1675	NA	  2
[anno 1614]	1614	1614	NA	  2
anno 1689.	1689	1689	NA	  2
[1690?]	1690	1690	NA	  2
[1677?]	1677	1677	NA	  2
anni 1653.	1653	1653	NA	  2
[aikaisintaan vuonna 1663]	1663	1663	NA	  2
[1680?]	1680	1680	NA	  2
åhr 1620.	1620	1620	NA	  2
a. 1686.	1686	1686	NA	  2
[1649?]	1649	1649	NA	  2
1621.	1621	1621	NA	  2
[n. 1690]	1690	1690	NA	  2
[1685--1701]	1685	1685	1701	  2
wuonna 1691.	1691	1691	NA	  2
wuona 1687.	1687	1687	NA	  2
wuona 1666.	1666	1666	NA	  2
[1543]	1543	1543	NA	  2
anno 1693.	1693	1693	NA	  2
an. 1652.	1652	1652	NA	  2
1603.	1603	1603	NA	  2
1631.	1631	1631	NA	  2
anno 1612.	1612	1612	NA	  2
[1595]	1595	1595	NA	  2
wuonna 1670.	1670	1670	NA	  2
wuonna 1669.	1669	1669	NA	  2
1655.	1655	1655	NA	  2
1776--1804.	1776	1776	1804	  2
prändätty 1785.	1785	1785	NA	  2
prändätty 1784.	1784	1784	NA	  2
[1790-luvulla]	1790	1790	NA	  2
1707.	1707	1707	NA	  2
a. 1798.	1798	1798	NA	  2
[1624]	1624	1624	NA	  2
[1583]	1583	1583	NA	  2
anno 1622.	1622	1622	NA	  2
anno 1605.	1605	1605	NA	  2
an. 1675.	1675	1675	NA	  2
1671.	1671	1671	NA	  2
anno 1678.	1678	1678	NA	  2
anno 1663.	1663	1663	NA	  2
1660.	1660	1660	NA	  2
åhr 1660.	1660	1660	NA	  2
anno 1653.	1653	1653	NA	  2
1666.	1666	1666	NA	  2
åhr 1661.	1661	1661	NA	  2
[1674] Turku.	1674	1674	NA	  2
[1670] Turku.	1670	1670	NA	  2
[1669] Turku.	1669	1669	NA	  2
tryckt åhr 1668.	1668	1668	NA	  2
åhr 1668.	1668	1668	NA	  2
åhr 1647.	1647	1647	NA	  2
1677.	1677	1677	NA	  2
anno 1699.	1699	1699	NA	  2
tryckt åhr 1698.	1698	1698	NA	  2
åhr 1696.	1696	1696	NA	  2
trykkt åhr Christi 1694.	1694	1694	NA	  2
åhr 1641.	1641	1641	NA	  2
1638.	1638	1638	NA	  2
anno 1615.	1615	1615	NA	  2
anno 1603.	1603	1603	NA	  2
anno 1584.	1584	1584	NA	  2
1641.	1641	1641	NA	  2
åhr 1632.	1632	1632	NA	  2
anno 1626.	1626	1626	NA	  2
anno 1616.	1616	1616	NA	  2
anno 1601.	1601	1601	NA	  2
1685.	1685	1685	NA	  2
tryckt åhr 1687.	1687	1687	NA	  2
åhr effter Christi födelse 1686.	1686	1686	NA	  2
åhr cffter [sic] Christi födelse 1686.	1686	1686	NA	  2
åhr Christi 1684.	1684	1684	NA	  2
åhr efter Christi födelse 1680.	1680	1680	NA	  2
tryckt åhr 1680.	1680	1680	NA	  2
im Iahr 1679.	1679	1679	NA	  2
1679.	1679	1679	NA	  2
anno 1657.	1657	1657	NA	  2
åhr 1652.	1652	1652	NA	  2
a. 1692.	1692	1692	NA	  2
[ca 1690]	1690	1690	NA	  2
tryckt åhr 1692.	1692	1692	NA	  2
åhr, 1692.	1692	1692	NA	  2
åhr 1691.	1691	1691	NA	  2
tryckt åhr 1690.	1690	1690	NA	  2
åhr 1751.	1751	1751	NA	  2
1735.	1735	1735	NA	  2
wuona 1737.	1737	1737	NA	  2
wuona 1722.	1722	1722	NA	  2
wuonna 1705.	1705	1705	NA	  2
åhr 1735.	1735	1735	NA	  2
åhr 1731.	1731	1731	NA	  2
anno 1728.	1728	1728	NA	  2
år 1775.	1775	1775	NA	  2
1717.	1717	1717	NA	  2
anno 1703.	1703	1703	NA	  2
prändätty wuonna. 1702.	1702	1702	NA	  2
åhr 1714.	1714	1714	NA	  2
åhr 1702.	1702	1702	NA	  2
wuonna 1768.	1768	1768	NA	  2
prändätty wuonna 1750.	1750	1750	NA	  2
wuona 1736.	1736	1736	NA	  2
[ennen vuotta 1735]	1735	1735	NA	  2
prändätyt wuonna 1793.	1793	1793	NA	  2
prändätty wuonna 1749.	1749	1749	NA	  2
prändätty wuona. 1739.	1739	1739	NA	  2
prändätty 1734.	1734	1734	NA	  2
prändätty wuonna 1734.	1734	1734	NA	  2
[w. 1735]	1735	1735	NA	  2
prändätty wuonna 1706.	1706	1706	NA	  2
prändätty wuonna 1701.	1701	1701	NA	  2
år 1784.	1784	1784	NA	  2
år 1782.	1782	1782	NA	  2
1714.	1714	1714	NA	  2
åhr 1713.	1713	1713	NA	  2
år 1789.	1789	1789	NA	  2
år 1787.	1787	1787	NA	  2
anno 1702.	1702	1702	NA	  2
åhr 1708.	1708	1708	NA	  2
anno 1707.	1707	1707	NA	  2
wuonna 1795.	1795	1795	NA	  2
w. 1764.	1764	1764	NA	  2
wuonna 1763.	1763	1763	NA	  2
wuonna 1749.	1749	1749	NA	  2
wuonna 1744.	1744	1744	NA	  2
wuonna 1738.	1738	1738	NA	  2
wuonna 1708.	1708	1708	NA	  2
wuonna 1706.	1706	1706	NA	  2
wuonna 1750.	1750	1750	NA	  2
[wuonna 1800]	1800	1800	NA	  2
[wuonna 1787]	1787	1787	NA	  2
[wuonna 1774]	1774	1774	NA	  2
wuonna 1709.	1709	1709	NA	  2
wuonna 1790.	1790	1790	NA	  2
wuonna 1796.	1796	1796	NA	  2
[wuonna 1772]	1772	1772	NA	  2
w. 1798.	1798	1798	NA	  2
w. 1777.	1777	1777	NA	  2
wuonna 1773.	1773	1773	NA	  2
w. 1778.	1778	1778	NA	  2
wuonna 1752.	1752	1752	NA	  2
wuonna 1764.	1764	1764	NA	  2
prändätty wuonna 1760.	1760	1760	NA	  2
[1772] Turku.	1772	1772	NA	  2
1826-1832.	1826	1826	1832	  1
1823-1825.	1823	1823	1825	  1
1816-1822.	1816	1816	1822	  1
revidiert im August 1804.	1804	1804	NA	  1
MDCCCXI [1811, po. 1813]	1811	1811	1813	  1
MDCCCXIII [1813]	1813	1813	NA	  1
1799-1866.	1799	1799	1866	  1
1828-1874.	1828	1828	1874	  1
1823-1872.	1823	1823	1872	  1
1813-1898.	1813	1813	1898	  1
1807-1866.	1807	1807	1866	  1
1819-1882.	1819	1819	1882	  1
[1827].	1827	1827	NA	  1
1804[-1806].	1804	1804	1806	  1
1802	1802	1802	NA	  1
1823	1823	1823	NA	  1
[1817];Zeipel & Palmblad)	1817	1817	NA	  1
[1828].	1828	1828	NA	  1
1812	1812	1812	NA	  1
prändätty wuonna. 1819.	1819	1819	NA	  1
wuona 1818.	1818	1818	NA	  1
1828	1828	1828	NA	  1
1817-1818.	1817	1817	1818	  1
wastaudesta prändätty [1801--1809]	1801	1801	1809	  1
prändätty wuona 1801.	1801	1801	NA	  1
präntättyt wuonna 1801.	1801	1801	NA	  1
wastuudest prändätyt wuonna 1804.	1804	1804	NA	  1
prändätty wuonna 1805.	1805	1805	NA	  1
[1800--1809]	1800	1800	1809	  1
tryckätty tänä wuonna [1820-luku]	1820	1820	NA	  1
[1820-luku]	1820	1820	NA	  1
wastuudest prändätty wuona 1807.	1807	1807	NA	  1
1804-1808.	1804	1804	1808	  1
wuonna 1821.	1821	1821	NA	  1
1822-1831.	1822	1822	1831	  1
wuona 1823.	1823	1823	NA	  1
1828-1831	1828	1828	1831	  1
wuona 1805.	1805	1805	NA	  1
[1801],;1801.	1801	1801	NA	  1
wuonna 1819.	1819	1819	NA	  1
[1805?]	1805	1805	NA	  1
år 1806.	1806	1806	NA	  1
prändätty wuonna 1804.	1804	1804	NA	  1
år 1804.	1804	1804	NA	  1
[1802--1803]	1802	1802	1803	  1
[1800?]	1800	1800	NA	  1
ann. 1805.	1805	1805	NA	  1
[år 1807]	1807	1807	NA	  1
[1803?]	1803	1803	NA	  1
tryckt år 1804.	1804	1804	NA	  1
anno 1809.	1809	1809	NA	  1
anno 1801.	1801	1801	NA	  1
wuonna 1804.	1804	1804	NA	  1
1804 goda.	1804	1804	NA	  1
[1806?]	1806	1806	NA	  1
[1807?]	1807	1807	NA	  1
wuonna 1809.	1809	1809	NA	  1
a. 1821.	1821	1821	NA	  1
[1808-1897]	1808	1808	1897	  1
1813	1813	1813	NA	  1
[1826?]	1826	1826	NA	  1
[1800-1902]	1800	1800	1902	  1
[vuosien 1721 ja 1743 välillä]	1721	1721	1743	  1
[1717?].	1717	1717	NA	  1
[1726?]	1726	1726	NA	  1
[vuosien 1700 ja 1725 välillä]	1700	1700	1725	  1
[1635?].	1635	1635	NA	  1
[1755?].	1755	1755	NA	  1
[1718].	1718	1718	NA	  1
[ca. 1720]	1720	1720	NA	  1
[after 1728]	1728	1728	NA	  1
anno 1776.	1776	1776	NA	  1
[1651?]	1651	1651	NA	  1
avec privilege du Roy pour vingt ans. 1669.	1669	1669	NA	  1
[1609].	1609	1609	NA	  1
[1633].	1633	1633	NA	  1
[1619].	1619	1619	NA	  1
[ca. 1745].	1745	1745	NA	  1
[1758?]	1758	1758	NA	  1
[n. 1680?]	1680	1680	NA	  1
[n. 1730]	1730	1730	NA	  1
[1630?]	1630	1630	NA	  1
[1716?]	1716	1716	NA	  1
[1641?]	1641	1641	NA	  1
[1600].	1600	1600	NA	  1
[1645?]	1645	1645	NA	  1
[n. 1660?]	1660	1660	NA	  1
1595.	1595	1595	NA	  1
[1745?]	1745	1745	NA	  1
Fil. sculp. 1788.	1788	1788	NA	  1
[n. 1730?]	1730	1730	NA	  1
[M]DCCXII. [1712]	1712	1712	NA	  1
anno 1649	1649	1649	NA	  1
[1800].	1800	1800	NA	  1
[1686?]	1686	1686	NA	  1
[1773].	1773	1773	NA	  1
[1675].	1675	1675	NA	  1
[1682].	1682	1682	NA	  1
[1768?].	1768	1768	NA	  1
prändätty maalis-kuusa 1799.	1799	1799	NA	  1
anno 1717.	1717	1717	NA	  1
MDCCXXXIII [1733]	1733	1733	NA	  1
[c. 1750].	1750	1750	NA	  1
[1739].	1739	1739	NA	  1
[1772].	1772	1772	NA	  1
1788	1788	1788	NA	  1
år 1759.	1759	1759	NA	  1
1790	1790	1790	NA	  1
[n. 1700].	1700	1700	NA	  1
[1715?]	1715	1715	NA	  1
[1792].	1792	1792	NA	  1
[1741].	1741	1741	NA	  1
[1742].	1742	1742	NA	  1
[1703?].	1703	1703	NA	  1
avec privilege 1753.	1753	1753	NA	  1
[c. 1740]	1740	1740	NA	  1
[1799].	1799	1799	NA	  1
tan jägen 1648.	1648	1648	NA	  1
[1697].	1697	1697	NA	  1
åhr 1749.	1749	1749	NA	  1
[1637]	1637	1637	NA	  1
[1738?]	1738	1738	NA	  1
[n. 1752]	1752	1752	NA	  1
[aikaisintaan 1729]	1729	1729	NA	  1
[1610]	1610	1610	NA	  1
1608.	1608	1608	NA	  1
[jälkeen] 17.8.1488.	1488	1488	NA	  1
[1697-1702]	1697	1697	1702	  1
tryckt åhr 1673.	1673	1673	NA	  1
[1669-1697]	1669	1669	1697	  1
[1655-1663]	1655	1655	1663	  1
[1654--1664]	1654	1654	1664	  1
[1669-1674]	1669	1669	1674	  1
[1687-1695]	1687	1687	1695	  1
[1685-1697]	1685	1685	1697	  1
[ca. 1665]	1665	1665	NA	  1
[prändätty w. 1670]	1670	1670	NA	  1
ao 1659.	1659	1659	NA	  1
åhr. 1755.	1755	1755	NA	  1
[1697-1704]	1697	1697	1704	  1
[1753-1755]	1753	1753	1755	  1
[1776-1801]	1776	1776	1801	  1
prändätty wuonna [1760-luku]	1760	1760	NA	  1
[1792--1810]	1792	1792	1810	  1
prändätty tänä wuon [1735--1742]	1735	1735	1742	  1
prändätty tänä wuonna [1740-luku]	1740	1740	NA	  1
[1798--1800]	1798	1798	1800	  1
wastaudesta prändätty [n. 1770]	1770	1770	NA	  1
wastaudesta prändätty [1754--1776]	1754	1754	1776	  1
prändätty tänä wuonna [1760-luvulla]	1760	1760	NA	  1
prändätty tänä wuonna [n. 1760]	1760	1760	NA	  1
[1760--1766]	1760	1760	1766	  1
prändätty tänä wuonna [1722-1728]	1722	1722	1728	  1
[1725-1732]	1725	1725	1732	  1
prändätty tänä wuonna [1727--1744]	1727	1727	1744	  1
Prändätty wuonna 1792.	1792	1792	NA	  1
[1756--1761]	1756	1756	1761	  1
prändätty tänä wuona [1700--1720]	1700	1700	1720	  1
prändätty wuona 1746.	1746	1746	NA	  1
präntätty 1746.	1746	1746	NA	  1
[1760-luvulla]	1760	1760	NA	  1
prändätty wuona 1739.	1739	1739	NA	  1
prändätty wuona 1736.	1736	1736	NA	  1
prändätty wuonna 1757.	1757	1757	NA	  1
wuona 1753.	1753	1753	NA	  1
[n. 1745]	1745	1745	NA	  1
wuona 1745.	1745	1745	NA	  1
wuona 1739.	1739	1739	NA	  1
prändätty wuona 1776.	1776	1776	NA	  1
prändätty wuona 1765.	1765	1765	NA	  1
Wastaudesta prändätty [ennen vuotta 1764]	1764	1764	NA	  1
prändettyt wuonna 1792.	1792	1792	NA	  1
prändätty wuonna 1743.	1743	1743	NA	  1
w. prändätty wuonna 1754.	1754	1754	NA	  1
w. prändätty wuonna 1739.	1739	1739	NA	  1
wouna [sic] 1778.	1778	1778	NA	  1
[1709?]	1709	1709	NA	  1
prändätty 1795.	1795	1795	NA	  1
präntätty wuona 1783.	1783	1783	NA	  1
prändätty wuonna 1795.	1795	1795	NA	  1
prändätyt wuonna 1780.	1780	1780	NA	  1
w. 1760.	1760	1760	NA	  1
pränd 1738.	1738	1738	NA	  1
[wuonna 1798]	1798	1798	NA	  1
[wuonna 1795]	1795	1795	NA	  1
d. 15. Augusti 1714.	1714	1714	NA	  1
gedruckt nach dem Leipziger Exemplar, den 3. Sept. 1714.	1714	1714	NA	  1
gedruckt den 30. Augusti 1714.	1714	1714	NA	  1
gedruckt, den 12. April [1714]	1714	1714	NA	  1
im Jahr, 1713.	1713	1713	NA	  1
in Jun. 1752.	1752	1752	NA	  1
åhr 1667 [sic]	1667	1667	NA	  1
åhr 1636.	1636	1636	NA	  1
åhr effter Christi börd 1629.	1629	1629	NA	  1
åhr 1626.	1626	1626	NA	  1
[ca. 1675]	1675	1675	NA	  1
präntätty wuonna 1786.	1786	1786	NA	  1
prändätty 1797.	1797	1797	NA	  1
prändättyt wuonna 1787.	1787	1787	NA	  1
prändätty wnona [sic] 1712.	1712	1712	NA	  1
prändätty wuouna [sic] 1796.	1796	1796	NA	  1
wastaudesta prändätty 1788.	1788	1788	NA	  1
prändätty wounna [sic] 1798.	1798	1798	NA	  1
[1776--1801]	1776	1776	1801	  1
präntätty wuonna 1796.	1796	1796	NA	  1
[1780--1804]	1780	1780	1804	  1
[1776--1792]	1776	1776	1792	  1
prändätty 1780.	1780	1780	NA	  1
präntätyt wuonna 1800.	1800	1800	NA	  1
präntätyt wuona 1800.	1800	1800	NA	  1
w. 1800.	1800	1800	NA	  1
w. 1799.	1799	1799	NA	  1
prändätty, wuonna 1734.	1734	1734	NA	  1
prändätyt wuonna 1800.	1800	1800	NA	  1
prändätyt wuonna 1794.	1794	1794	NA	  1
[1754--1755]	1754	1754	1755	  1
prändätty tänä wuonna 1753.	1753	1753	NA	  1
[1760--1779]	1760	1760	1779	  1
prändätty wuonna 1754.	1754	1754	NA	  1
[1727--1734]	1727	1727	1734	  1
aar 1770.	1770	1770	NA	  1
a. 1738.	1738	1738	NA	  1
anno Christi 1700.	1700	1700	NA	  1
anno 1725.	1725	1725	NA	  1
1789-1791.	1789	1789	1791	  1
åhr 1719.	1719	1719	NA	  1
[anno 1613]	1613	1613	NA	  1
wuonna 1729.	1729	1729	NA	  1
[1723--1729]	1723	1723	1729	  1
wuonna 1713.	1713	1713	NA	  1
wuonna 1712.	1712	1712	NA	  1
[1579 ... före 25.7.1580]	1579	1579	1580	  1
åhr 1734.	1734	1734	NA	  1
anno 1705.	1705	1705	NA	  1
1713.	1713	1713	NA	  1
anno de 1741.	1741	1741	NA	  1
[n. 1778]	1778	1778	NA	  1
[1764?]	1764	1764	NA	  1
[1764 tai myöh.]	1764	1764	NA	  1
[1762?]	1762	1762	NA	  1
[1756--1766]	1756	1756	1766	  1
wuona 1703.	1703	1703	NA	  1
le 28 januier 1729.	1729	1729	NA	  1
anno 1706.	1706	1706	NA	  1
1769]	1769	1769	NA	  1
1769	1769	1769	NA	  1
[år 1771]	1771	1771	NA	  1
1785]	1785	1785	NA	  1
d. 13 novemb. år 1781.	1781	1781	NA	  1
d. 30 october, år 1781.	1781	1781	NA	  1
[år 1761]	1761	1761	NA	  1
anno MDCXLVIII [1648]	1648	1648	NA	  1
[a. 1639]	1639	1639	NA	  1
[anno 1648]	1648	1648	NA	  1
[1602]	1602	1602	NA	  1
anno 1597.	1597	1597	NA	  1
1626.	1626	1626	NA	  1
[anno 1649]	1649	1649	NA	  1
[1685--1691]	1685	1685	1691	  1
1565.	1565	1565	NA	  1
[anno 1632]	1632	1632	NA	  1
[Acad. anno 1619]	1619	1619	NA	  1
[1628] -	1628	1628	NA	  1
[1674 tai myöh.]	1674	1674	NA	  1
år 1713.	1713	1713	NA	  1
anno 1620.	1620	1620	NA	  1
anno 1600 kal: Ian	1600	1600	NA	  1
[åhr 1645]	1645	1645	NA	  1
[1627]	1627	1627	NA	  1
anno 1602.	1602	1602	NA	  1
åhr 1736.	1736	1736	NA	  1
1597.	1597	1597	NA	  1
[1755--1760]	1755	1755	1760	  1
[1730-luvulla?]	1730	1730	NA	  1
[ennen vuotta 1740]	1740	1740	NA	  1
[1726--1728]	1726	1726	1728	  1
[1730--1733?]	1730	1730	1733	  1
[1696-1707]	1696	1696	1707	  1
[1667-1683]	1667	1667	1683	  1
[1724--1725]	1724	1724	1725	  1
[anno 1609]	1609	1609	NA	  1
auno [!] 1621.	1621	1621	NA	  1
åhr Christi 1624.	1624	1624	NA	  1
anno 1618.	1618	1618	NA	  1
[1669-1697?]	1669	1669	1697	  1
[1681-1690]	1681	1681	1690	  1
[1726--1730]	1726	1726	1730	  1
[wuonna 1693]	1693	1693	NA	  1
[anno 1664]	1664	1664	NA	  1
[1555]	1555	1555	NA	  1
[wuona 1685]	1685	1685	NA	  1
[wuonna 1681]	1681	1681	NA	  1
[wuonna 1669]	1669	1669	NA	  1
wuonna, 1671.	1671	1671	NA	  1
wuonna 1668.	1668	1668	NA	  1
wuona 1671.	1671	1671	NA	  1
prändätty wuonna 1671.	1671	1671	NA	  1
wuona 1658.	1658	1658	NA	  1
[1699-1703]	1699	1699	1703	  1
[1697 ... 1704]	1697	1697	1704	  1
åhr 1687.	1687	1687	NA	  1
tryckt åhr 1675.	1675	1675	NA	  1
19. p. octobr. anno 1696.	1696	1696	NA	  1
[1.12.1584 jälkeen]	1584	1584	NA	  1
wuonna 1698.	1698	1698	NA	  1
wuonna 1688.	1688	1688	NA	  1
cunin: boktryckärildä,;wuonna 1686.	1686	1686	NA	  1
wuona 1681.	1681	1681	NA	  1
wuonna 1679.	1679	1679	NA	  1
wuonna 1678.	1678	1678	NA	  1
wuonna 1677.	1677	1677	NA	  1
wuonna 1676.	1676	1676	NA	  1
prändätty wuonna 1675.	1675	1675	NA	  1
wuonna 1675.	1675	1675	NA	  1
wuotena 1673.	1673	1673	NA	  1
wuona 1673.	1673	1673	NA	  1
wuona 1672.	1672	1672	NA	  1
[1660?]	1660	1660	NA	  1
[1676?]	1676	1676	NA	  1
[1675?]	1675	1675	NA	  1
[1712?]	1712	1712	NA	  1
1700.	1700	1700	NA	  1
im Iahr 1633.	1633	1633	NA	  1
[1694-1701]	1694	1694	1701	  1
1768]	1768	1768	NA	  1
1702.	1702	1702	NA	  1
anno 1709.	1709	1709	NA	  1
[1753?]	1753	1753	NA	  1
prändätty wuonna, 1700.	1700	1700	NA	  1
prändätty wuonna 1700.	1700	1700	NA	  1
[1697--1701]	1697	1697	1701	  1
[1732--1746]	1732	1732	1746	  1
[1647-1664]	1647	1647	1664	  1
[1690-1698]	1690	1690	1698	  1
anno o. r. M.DC.LXXXVIII. [1688]	1688	1688	NA	  1
anno khrisogonias M.DC.LXXXV. [1685]	1685	1685	NA	  1
anno parthenotokias M.DC.LXXXI. [1681]	1681	1681	NA	  1
anno Domini, M.DC.LXXV. [1675]	1675	1675	NA	  1
anno M.DC.LXXIII. [1673]	1673	1673	NA	  1
a. g. M.DC.LX.IX. [1669]	1669	1669	NA	  1
anno khrisogonias 1664.	1664	1664	NA	  1
ad diem, si Deo videbitur [29 april] 1699.	1699	1699	NA	  1
a. 1682.	1682	1682	NA	  1
anno Christi 1651.	1651	1651	NA	  1
an. 1610.	1610	1610	NA	  1
[1596?]	1596	1596	NA	  1
anno 1631 [po. 1632]	1631	1631	NA	  1
anno 1596.	1596	1596	NA	  1
anno salvtis nostrae 1596.	1596	1596	NA	  1
ann. 1653.	1653	1653	NA	  1
anno M.DC.XXIII [1623]	1623	1623	NA	  1
[a:o 1668]	1668	1668	NA	  1
[anno 1603]	1603	1603	NA	  1
[1639-1640?]	1639	1639	1640	  1
[1652-1657?]	1652	1652	1657	  1
[1675 eller senare]	1675	1675	NA	  1
[anno 1651]	1651	1651	NA	  1
[anno 1626]	1626	1626	NA	  1
[anno 1659]	1659	1659	NA	  1
[anno 1644]	1644	1644	NA	  1
[wuonna 1685]	1685	1685	NA	  1
[pränd. w. 1688]	1688	1688	NA	  1
[prändätty wuonna 1686]	1686	1686	NA	  1
[anno 1574]	1574	1574	NA	  1
[1599]	1599	1599	NA	  1
1590.	1590	1590	NA	  1
1582.	1582	1582	NA	  1
[noin 1590]	1590	1590	NA	  1
anno Domini 1577.	1577	1577	NA	  1
[1567]	1567	1567	NA	  1
tryckt åhr 1681.	1681	1681	NA	  1
an. 1688.	1688	1688	NA	  1
tryckt åhr Christi 1686.	1686	1686	NA	  1
årh [...] 1684.	1684	NA	1684	  1
på åhret efter Gudz börd 1632.	1632	1632	NA	  1
[före 1692]	1692	1692	NA	  1
[prändätty wuonna, 1686]	1686	1686	NA	  1
[1722-1729]	1722	1722	1729	  1
[ennen v. 1690]	1690	1690	NA	  1
[1644-1660]	1644	1644	1660	  1
prändätty wuonna 1699.	1699	1699	NA	  1
prändätty wuona 1685.	1685	1685	NA	  1
prändätty wuonna 1690,;1690.	1690	1690	NA	  1
wuonna 1690.	1690	1690	NA	  1
prändätty wuonna 1686.	1686	1686	NA	  1
prändätty wuonna, 1695.	1695	1695	NA	  1
[1670--1686]	1670	1670	1686	  1
1562 [po. 1652]	1562	1562	NA	  1
an. 1656.	1656	1656	NA	  1
anno 1609.	1609	1609	NA	  1
anno salvtis 1604.	1604	1604	NA	  1
a. 1683.	1683	1683	NA	  1
a 1662.	1662	1662	NA	  1
1662.	1662	1662	NA	  1
[1683 tai myöh.]	1683	1683	NA	  1
åhr 1698.	1698	1698	NA	  1
[1680-1710]	1680	1680	1710	  1
anno 1599 die 15. Februarii.	1599	1599	NA	  1
an. 1637.	1637	1637	NA	  1
[ca 1695]	1695	1695	NA	  1
an. 1680.	1680	1680	NA	  1
wuonna 1696.	1696	1696	NA	  1
jubel wuodella 1693.	1693	1693	NA	  1
wuonna 1692.	1692	1692	NA	  1
[1685-1699]	1685	1685	1699	  1
wuona 1690.	1690	1690	NA	  1
[aikaisintaan 1688?]	1688	1688	NA	  1
[ennen v. 1680?]	1680	1680	NA	  1
wuona 1685.	1685	1685	NA	  1
a. 1671.	1671	1671	NA	  1
1664.	1664	1664	NA	  1
1653 [po. 1658?]	1653	1653	NA	  1
1646[-1647]	1646	1646	1647	  1
[n. 1610]	1610	1610	NA	  1
[n. 1583]	1583	1583	NA	  1
åhr 1663.	1663	1663	NA	  1
[1666?]	1666	1666	NA	  1
åhr Christi 1686.	1686	1686	NA	  1
[1662?]	1662	1662	NA	  1
[1640?]	1640	1640	NA	  1
anno. 1634.	1634	1634	NA	  1
wuonna 1634.	1634	1634	NA	  1
[1633?]	1633	1633	NA	  1
åhr 1658.	1658	1658	NA	  1
wuona 1654.	1654	1654	NA	  1
anno c. 1656.	1656	1656	NA	  1
a. 1649.	1649	1649	NA	  1
[1688?]	1688	1688	NA	  1
åhr 1642.	1642	1642	NA	  1
anno 1621.	1621	1621	NA	  1
a. 1659.	1659	1659	NA	  1
anno 1659.	1659	1659	NA	  1
anno D[omi]ni 1552.	1552	1552	NA	  1
1548.	1548	1548	NA	  1
anno Domini 1642.	1642	1642	NA	  1
[1693-1695]	1693	1693	1695	  1
[1680 tai myöh.]	1680	1680	NA	  1
[1680],;1680.	1680	1680	NA	  1
[1686],;1686.	1686	1686	NA	  1
tryckt i åhr 1672.	1672	1672	NA	  1
woonna jälkehen Christuxen syndymän 1610.	1610	1610	NA	  1
d. maij 1673.	1673	1673	NA	  1
[1607?]	1607	1607	NA	  1
excusâ anno 1692.	1692	1692	NA	  1
[1682?]	1682	1682	NA	  1
[1693-1698]	1693	1693	1698	  1
anno 1665 in Augusto.	1665	1665	NA	  1
[anno Dni 1549]	1549	1549	NA	  1
1522.	1522	1522	NA	  1
[1549]	1549	1549	NA	  1
[anno 1575 septembris 12]	1575	1575	NA	  1
wuona jelkin Christuxen syndymän 1622.	1622	1622	NA	  1
1618.	1618	1618	NA	  1
anno Christi 1646.	1646	1646	NA	  1
[1687-1710]	1687	1687	1710	  1
1668.	1668	1668	NA	  1
an. 1649.	1649	1649	NA	  1
1600.	1600	1600	NA	  1
a. 1698.	1698	1698	NA	  1
anno Ch. 1697.	1697	1697	NA	  1
ann. 1692.	1692	1692	NA	  1
1688-1689.	1688	1688	1689	  1
1683-1684.	1683	1683	1684	  1
prändätty wuona 1690.	1690	1690	NA	  1
[1669?]	1669	1669	NA	  1
[1687?]	1687	1687	NA	  1
anno Dni 1642. 16 aprilis.	1642	1642	NA	  1
[1684?]	1684	1684	NA	  1
anno aerae christianae 1682.	1682	1682	NA	  1
[anno 1619]	1619	1619	NA	  1
åhr 1662.	1662	1662	NA	  1
[1659?]	1659	1659	NA	  1
[n. 1670]	1670	1670	NA	  1
[a:1680]	1680	1680	NA	  1
[åhr 1638]	1638	1638	NA	  1
1667.	1667	1667	NA	  1
1644 vuona jälken Christuxen syndimen.	1644	1644	NA	  1
1608,;1608.	1608	1608	NA	  1
dagen förr nyåhret som ingår 1663.	1663	1663	NA	  1
1652-1657?.	1652	1652	1657	  1
[anno 1628]	1628	1628	NA	  1
wuona 1695.	1695	1695	NA	  1
wuonna 1671.	1671	1671	NA	  1
wuonna 1693.	1693	1693	NA	  1
wuonna, 1684.	1684	1684	NA	  1
sinä 1615 wuona, jälken Christuxen syndymän.	1615	1615	NA	  1
1583-1589.	1583	1583	1589	  1
[Herran syndimen wodesta 1559]	1559	1559	NA	  1
1549-1559.	1549	1549	1559	  1
[anno 1629]	1629	1629	NA	  1
anno ut supra [=1617]	1617	1617	NA	  1
p. m. 1653.	1653	1653	NA	  1
an[n]o 1650.	1650	1650	NA	  1
an[n]o 1649.	1649	1649	NA	  1
anno M.DC.LII. [1652]	1652	1652	NA	  1
anno 168.4. [po. 1648]	1684	1684	NA	  1
ult. Maij a. 1685.	1685	1685	NA	  1
[1674?]	1674	1674	NA	  1
[ca. 1690]	1690	1690	NA	  1
åhr 1622.	1622	1622	NA	  1
wuonna 1684.	1684	1684	NA	  1
anno 1658.	1658	1658	NA	  1
a[nn]o 1640.	1640	1640	NA	  1
åhr, 1644.	1644	1644	NA	  1
åhr 1612.	1612	1612	NA	  1
[ca. 1614]	1614	1614	NA	  1
[1667?]	1667	1667	NA	  1
vuona jälken Christuxen syndymän 1616.	1616	1616	NA	  1
[1582]	1582	1582	NA	  1
[1642],;1642.	1642	1642	NA	  1
[anno Dni 1544. Nouembris 12]	1544	1544	NA	  1
1630.	1630	1630	NA	  1
1629 anno.	1629	1629	NA	  1
anno 1622. 25. Ian.	1622	1622	NA	  1
anno 1622. 4. Octob.	1622	1622	NA	  1
wuona 1656.	1656	1656	NA	  1
wuona jelken Christuxen syndymän 1616,;1616.	1616	1616	NA	  1
1680-1710.	1680	1680	1710	  1
tryckt åhr Christi 1684.	1684	1684	NA	  1
tryckt 1680.	1680	1680	NA	  1
1583.	1583	1583	NA	  1
sinä 1615. wuona, jälken Christuxen syndymän.	1615	1615	NA	  1
anno 1608. Tempore visitationis Mariae.	1608	1608	NA	  1
åhr 1649.	1649	1649	NA	  1
wuona jelken Christuxen syndymen 1616.	1616	1616	NA	  1
[Christusen syndyme wodesta. 1549]	1549	1549	NA	  1
anno Christi [M.D]C.LXXXII. [1682]	1682	1682	NA	  1
anno salutis M.DC.XCI. [1691]	1691	1691	NA	  1
anno M.DC.LX. [1660]	1660	1660	NA	  1
a. 1695.	1695	1695	NA	  1
anno M.DC.LXIV. [1664]	1664	1664	NA	  1
a. 1678.	1678	1678	NA	  1
anno khrisogonias 1662.	1662	1662	NA	  1
[1623]	1623	1623	NA	  1
[1613]	1613	1613	NA	  1
[1608]	1608	1608	NA	  1
[1607]	1607	1607	NA	  1
Anno 1648.	1648	1648	NA	  1
a. 1688.	1688	1688	NA	  1
[1769--1775]	1769	1769	1775	  1
[...] staudesta prändätty, 1795.	1795	1795	NA	  1
prändätty tänä wuonna [= ennen vuotta 1787]	1787	1787	NA	  1
1677-1719.	1677	1677	1719	  1
prändätty wuonna 1799.	1799	1799	NA	  1
[1799?]	1799	1799	NA	  1
präntätty wuonna 1799.	1799	1799	NA	  1
[n. 1798--1801]	1798	1798	1801	  1
prändätty wuonna 1793.	1793	1793	NA	  1
prändätyt wuonna 1795.	1795	1795	NA	  1
[1785--1804]	1785	1785	1804	  1
1776--1808.	1776	1776	1808	  1
präntätty wuonna 1785.	1785	1785	NA	  1
prändätty wuona, 1785.	1785	1785	NA	  1
prändätty wuona 1785.	1785	1785	NA	  1
präntätty wuona 1785.	1785	1785	NA	  1
prändätty wuonna 1781.	1781	1781	NA	  1
[prändätty wuonna 1781]	1781	1781	NA	  1
[1778?]	1778	1778	NA	  1
prändätty wuonna 1772.	1772	1772	NA	  1
[1778-1804]	1778	1778	1804	  1
[1786--1792]	1786	1786	1792	  1
wastauudesta prändätyt wuonna 1780.	1780	1780	NA	  1
pränttijn annetut wuonna 1768.	1768	1768	NA	  1
an. 1792.	1792	1792	NA	  1
åhr 1709.	1709	1709	NA	  1
[1723?]	1723	1723	NA	  1
åhr 1712.	1712	1712	NA	  1
[1773?]	1773	1773	NA	  1
[1783?]	1783	1783	NA	  1
[1776--1802]	1776	1776	1802	  1
[n. 1765]	1765	1765	NA	  1
[före 1731]	1731	1731	NA	  1
[ennen v. 1731]	1731	1731	NA	  1
[ca. 1740]	1740	1740	NA	  1
[1630]	1630	1630	NA	  1
[1672 ... 1681]	1672	1672	1681	  1
[1604]	1604	1604	NA	  1
[1600]	1600	1600	NA	  1
[1598]	1598	1598	NA	  1
[an. 1651]	1651	1651	NA	  1
anno 1599.	1599	1599	NA	  1
anno Domini 1589.	1589	1589	NA	  1
[1619 tai aik.]	1619	1619	NA	  1
1694-1697.	1694	1694	1697	  1
[1699 tai aik.]	1699	1699	NA	  1
[1683 eller tidigare]	1683	1683	NA	  1
anno 1624.	1624	1624	NA	  1
åhr 1650.	1650	1650	NA	  1
im Iahr 1684.	1684	1684	NA	  1
tryckt åhr 1683.	1683	1683	NA	  1
anno Christi 1683.	1683	1683	NA	  1
wuona 1683.	1683	1683	NA	  1
tryckt ähr 1679.	1679	1679	NA	  1
tryckt åhr Christi 1683.	1683	1683	NA	  1
tryckt åhr 1682.	1682	1682	NA	  1
tryckt åhr 1678.	1678	1678	NA	  1
1674-1678.	1674	1674	1678	  1
a.o 1673.	1673	1673	NA	  1
[anno 1672]	1672	1672	NA	  1
åhr. 1670.	1670	1670	NA	  1
[1678?]	1678	1678	NA	  1
anno 1677.	1677	1677	NA	  1
étei a kh o s [=1676]	1676	1676	NA	  1
an. 1660.	1660	1660	NA	  1
den 30. decemb. a:o 1659.	1659	1659	NA	  1
anno Christiano 1658.	1658	1658	NA	  1
1659.	1659	1659	NA	  1
åhr 1654.	1654	1654	NA	  1
gedruckt im Iahr 1662.	1662	1662	NA	  1
gedruckt im Iahr 1661.	1661	1661	NA	  1
im Iahr 1661.	1661	1661	NA	  1
år 1674.	1674	1674	NA	  1
jhm Iahr 1674.	1674	1674	NA	  1
den 23. novemb. åhr 1673.	1673	1673	NA	  1
in obbemelten Iahr [1673]	1673	1673	NA	  1
in obbemeldtem Iahr [1673]	1673	1673	NA	  1
[1672] Strängnäs.	1672	1672	NA	  1
[1673] Tukholma.	1673	1673	NA	  1
[1671] Turku.	1671	1671	NA	  1
[1672] Tukholma.	1672	1672	NA	  1
[1669] Tukholma.	1669	1669	NA	  1
anno 1667.	1667	1667	NA	  1
1668-1675.	1668	1668	1675	  1
[1668] Turku.	1668	1668	NA	  1
[an. 1677]	1677	1677	NA	  1
[1675] Turku,;[1:o?]	1675	1675	NA	  1
[1674] Turku,;[1:o?]	1674	1674	NA	  1
åhr 1634.	1634	1634	NA	  1
im Iahr 1623.	1623	1623	NA	  1
anno M. DC. XC. [1690]	1690	1690	NA	  1
[åhr 1661]	1661	1661	NA	  1
åhr 1653.	1653	1653	NA	  1
[an[n]o 1639]	1639	1639	NA	  1
anno ae. C. 1652.	1652	1652	NA	  1
[1626]	1626	1626	NA	  1
åhr, 1695.	1695	1695	NA	  1
åhr efter Christi föd. 1680.	1680	1680	NA	  1
åhr effter Christi födelse 1674.	1674	1674	NA	  1
1698-1701.	1698	1698	1701	  1
åhr 1697.	1697	1697	NA	  1
åhr 1699.	1699	1699	NA	  1
tryckt åhr 1696.	1696	1696	NA	  1
tryckt åhr 1694.	1694	1694	NA	  1
[åhr 1695]	1695	1695	NA	  1
åhr 1648.	1648	1648	NA	  1
ao 1648.	1648	1648	NA	  1
anno ae. C. 1647.	1647	1647	NA	  1
im Iahr 1646.	1646	1646	NA	  1
anno Ae. C. 1646.	1646	1646	NA	  1
anno ae. C. 1645.	1645	1645	NA	  1
åår 1645.	1645	1645	NA	  1
1640.	1640	1640	NA	  1
tryckt åhr 1634.	1634	1634	NA	  1
anno ut supra [=1629]	1629	1629	NA	  1
excusa anno 1625.	1625	1625	NA	  1
anno Christi 1597.	1597	1597	NA	  1
anno 1586.	1586	1586	NA	  1
anno 1587.	1587	1587	NA	  1
1584.	1584	1584	NA	  1
[anno 1599]	1599	1599	NA	  1
[anno 1641]	1641	1641	NA	  1
åhr 1613.	1613	1613	NA	  1
anno Domini 1608.	1608	1608	NA	  1
anno salutis humanae 1602.	1602	1602	NA	  1
a. 1684.	1684	1684	NA	  1
tryckt åhr 1684.	1684	1684	NA	  1
tryckt åhr 1689.	1689	1689	NA	  1
tryckt åhr 1688.	1688	1688	NA	  1
impressum anno 1687.	1687	1687	NA	  1
impressus anno 1687.	1687	1687	NA	  1
tryck åhr 1687.	1687	1687	NA	  1
åhr cffret [sic] Christi födelse 1687.	1687	1687	NA	  1
excusús anno 1687.	1687	1687	NA	  1
die 16 Novemb. anno 1686.	1686	1686	NA	  1
åhr efter Christi födelse 1686.	1686	1686	NA	  1
a. 1689.	1689	1689	NA	  1
åhr effter Christi börd, 1685.	1685	1685	NA	  1
tryckt åhr 1685.	1685	1685	NA	  1
anno Christi 1686.	1686	1686	NA	  1
tô étei a kh p th [1689]	1689	1689	NA	  1
wuona 1680.	1680	1680	NA	  1
jm Iahr 1679.	1679	1679	NA	  1
im Jahr 1660.	1660	1660	NA	  1
ahr 1653.	1653	1653	NA	  1
anno Ae. 1652.	1652	1652	NA	  1
1654-1655.	1654	1654	1655	  1
prändätty wuonna 1695.	1695	1695	NA	  1
im Iahr 1697.	1697	1697	NA	  1
åhr 1693.	1693	1693	NA	  1
trycht åhr 1692.	1692	1692	NA	  1
åhr 1695.	1695	1695	NA	  1
åhr [e]ffter Christi födelse, 1690.	1690	1690	NA	  1
exc. anno 1689.	1689	1689	NA	  1
[1771?]	1771	1771	NA	  1
[1702?]	1702	1702	NA	  1
anno 1722.	1722	1722	NA	  1
[n. 1714]	1714	1714	NA	  1
[1761--1771]	1761	1761	1771	  1
[1783 tai myöh.]	1783	1783	NA	  1
wuona 1702.	1702	1702	NA	  1
wuona 1755.	1755	1755	NA	  1
w. 1766.	1766	1766	NA	  1
[år 1776]	1776	1776	NA	  1
w. 1746.	1746	1746	NA	  1
w. 1737.	1737	1737	NA	  1
wuonna 1733.	1733	1733	NA	  1
1723.	1723	1723	NA	  1
1712.	1712	1712	NA	  1
[wuonna 1723]	1723	1723	NA	  1
[1745 tai aik.]	1745	1745	NA	  1
1703.	1703	1703	NA	  1
wuonna 1701.	1701	1701	NA	  1
[1799-1800]	1799	1799	1800	  1
år 1772.	1772	1772	NA	  1
[wuonna 1784]	1784	1784	NA	  1
w. 1788.	1788	1788	NA	  1
w. 1785.	1785	1785	NA	  1
[wuonna 1775]	1775	1775	NA	  1
wuonna 1731.	1731	1731	NA	  1
wuonna 1726.	1726	1726	NA	  1
wuonna 1724.	1724	1724	NA	  1
wuonna 1721.	1721	1721	NA	  1
wuona 1713.	1713	1713	NA	  1
wuonna 1707.	1707	1707	NA	  1
1757 [po. 1751]	1757	1757	NA	  1
wuonna 1771.	1771	1771	NA	  1
wounua [sic] 1766.	1766	1766	NA	  1
[wuonna 1757]	1757	1757	NA	  1
[wuonna 1756]	1756	1756	NA	  1
anno 1743.	1743	1743	NA	  1
tryckt 1789.	1789	1789	NA	  1
wuona 1782.	1782	1782	NA	  1
år 1766.	1766	1766	NA	  1
[Åhr. 1762]	1762	1762	NA	  1
åhr 1761.	1761	1761	NA	  1
[åhr 1760]	1760	1760	NA	  1
år 1754.	1754	1754	NA	  1
wuonna 1751.	1751	1751	NA	  1
åhr 1748.	1748	1748	NA	  1
år 1741.	1741	1741	NA	  1
år 1739.	1739	1739	NA	  1
anno 1737.	1737	1737	NA	  1
[1735?]	1735	1735	NA	  1
[1745--1750]	1745	1745	1750	  1
ce [ ] dumois [sic] de septembre de l'année [sic] 1725.	1725	1725	NA	  1
tryckt åhr 1722.	1722	1722	NA	  1
åhr 1721.	1721	1721	NA	  1
åhr 1718.	1718	1718	NA	  1
a:o 1718.	1718	1718	NA	  1
[1718],;2:o.	1718	1718	NA	  1
[aikaisintaan 1707]	1707	1707	NA	  1
anno 1721.	1721	1721	NA	  1
tryckt år 1770.	1770	1770	NA	  1
[1700-1712]	1700	1700	1712	  1
[1700--1704]	1700	1700	1704	  1
tryckt år 1712.	1712	1712	NA	  1
åhr 1739.	1739	1739	NA	  1
[1768 tai myöh.?]	1768	1768	NA	  1
[prändätty wuonna 1785]	1785	1785	NA	  1
prändätty wnonna [sic] 1781.	1781	1781	NA	  1
prändätty wuonna 1763.	1763	1763	NA	  1
p[rändätty wuonna 1744]	1744	1744	NA	  1
prändätty wuonna 1739 [po. 1771--1784].	1784	NA	1784	  1
prändätty wuonna 1739.	1739	1739	NA	  1
[prändätty samana wuona, 1739]	1739	1739	NA	  1
prändätty samana wuona [1739]	1739	1739	NA	  1
1738 [po. 1752].	1738	1738	NA	  1
1738 [po. 1746--1752].	1752	NA	1752	  1
[1776 tai myöh.]	1776	1776	NA	  1
prändätyt wuonna 1761.	1761	1761	NA	  1
wastaudesta prändätty [1761 tai myöh.]	1761	1761	NA	  1
wastudesta prändätty [1761 tai myöh.]	1761	1761	NA	  1
wastaudesta prändätty [1761 tai myöh]	1761	1761	NA	  1
[1745 tai myöh.]	1745	1745	NA	  1
prändätty wuonna 1745.	1745	1745	NA	  1
prändätty wuonna. 1743.	1743	1743	NA	  1
wuona. 1737.	1737	1737	NA	  1
[1745--1753]	1745	1745	1753	  1
w: 1735.	1735	1735	NA	  1
wuona 1735.	1735	1735	NA	  1
w. 1735.	1735	1735	NA	  1
wuon. 1735.	1735	1735	NA	  1
[1776-1804]	1776	1776	1804	  1
[n. 1765--1776]	1765	1765	1776	  1
prändätty wuonna 1765.	1765	1765	NA	  1
prändätty wuonna 1752.	1752	1752	NA	  1
prändätty wuonna 1747.	1747	1747	NA	  1
[n. 1735]	1735	1735	NA	  1
pr[...] [n. 1735]	1735	1735	NA	  1
[wuonna 1735]	1735	1735	NA	  1
[1796--1801]	1796	1796	1801	  1
prändätyt wuonna 1796.	1796	1796	NA	  1
[prändäty 1735]	1735	1735	NA	  1
[1764--1770]	1764	1764	1770	  1
wastaudesta prändätty ja ojettu 1764.	1764	1764	NA	  1
prändätty wuonna, 1767.	1767	1767	NA	  1
wuonna 1753.	1753	1753	NA	  1
prändätty, wuonna 1735.	1735	1735	NA	  1
[wuonna 1778]	1778	1778	NA	  1
[1764--1769?]	1764	1764	1769	  1
prändätty wuonna 1755.	1755	1755	NA	  1
prändätty wuonna 1736.	1736	1736	NA	  1
[prändätty wuonna 1734]	1734	1734	NA	  1
prändätty wuonna. 1785.	1785	1785	NA	  1
prändätty tänä wuonna [1770--1779?]	1770	1770	1779	  1
[1750 tai myöh.]	1750	1750	NA	  1
prändätty wuonna. 1766.	1766	1766	NA	  1
prändätty wuonna. 1746.	1746	1746	NA	  1
prändätty, wuonna. 1734.	1734	1734	NA	  1
[wuonna 1777]	1777	1777	NA	  1
[pränd. wuonna 1734]	1734	1734	NA	  1
prändätty wuonna. 1736.	1736	1736	NA	  1
prändätty 1732.	1732	1732	NA	  1
prändätty 1729.	1729	1729	NA	  1
prändätty wuonna 1726.	1726	1726	NA	  1
prändätty wuonna, 1706.	1706	1706	NA	  1
prändätty, wuonna 1704.	1704	1704	NA	  1
[1735--1746?]	1735	1735	1746	  1
prändätty wuonna 1735.	1735	1735	NA	  1
prändätty wuonna, 1703.	1703	1703	NA	  1
prändätty samana wuonna [1703?]	1703	1703	NA	  1
[ennen vuotta 1713]	1713	1713	NA	  1
[aik. 1776]	1776	1776	NA	  1
[år 1791]	1791	1791	NA	  1
[1742?]	1742	1742	NA	  1
a. 1729.	1729	1729	NA	  1
[1784 tai myöh?]	1784	1784	NA	  1
åhr 1725.	1725	1725	NA	  1
[1778 tai myöh.]	1778	1778	NA	  1
år 1761.	1761	1761	NA	  1
åhr 1707.	1707	1707	NA	  1
1784[-1785]	1784	1784	1785	  1
1783[-1784]	1783	1783	1784	  1
1781[-1782]	1781	1781	1782	  1
[1729--1750]	1729	1729	1750	  1
åhr 1737.	1737	1737	NA	  1
åhr 1705.	1705	1705	NA	  1
år 1757.	1757	1757	NA	  1
å nyo tryckt år 1773.	1773	1773	NA	  1
åhr 1711.	1711	1711	NA	  1
wuona 1733.	1733	1733	NA	  1
w. 1776.	1776	1776	NA	  1
wuotena 1797.	1797	1797	NA	  1
a 1768	1768	1768	NA	  1
[år 1772]	1772	1772	NA	  1
[1774?]	1774	1774	NA	  1
a:o 1708.	1708	1708	NA	  1
1711.	1711	1711	NA	  1
[1788 tai 1789]	1788	1788	1789	  1
[1717 tai myöh.]	1717	1717	NA	  1
[prändätty 31. p. heinä kuusa 1792]	1792	1792	NA	  1
anno 1719.	1719	1719	NA	  1
[år 1770]	1770	1770	NA	  1
tryckt år 1800.	1800	1800	NA	  1
tryckt år 1796.	1796	1796	NA	  1
trykt år 1788.	1788	1788	NA	  1
anno 1733.	1733	1733	NA	  1
anno 1734.	1734	1734	NA	  1
anno1743.	1743	1743	NA	  1
anno 1708.	1708	1708	NA	  1
anno 1756.	1756	1756	NA	  1
anno 1744.	1744	1744	NA	  1
[1733?]	1733	1733	NA	  1
[1778 tai aik.?]	1778	1778	NA	  1
w. 1786.	1786	1786	NA	  1
[n. 1784?]	1784	1784	NA	  1
w. 1784.	1784	1784	NA	  1
w. 1781.	1781	1781	NA	  1
w. 1780.	1780	1780	NA	  1
wonna [!] 1778.	1778	1778	NA	  1
w. 1762.	1762	1762	NA	  1
wuonna 1742.	1742	1742	NA	  1
wuonna 1740.	1740	1740	NA	  1
wuonna 1734.	1734	1734	NA	  1
w. 1724.	1724	1724	NA	  1
wuonna 1702.	1702	1702	NA	  1
wuonna 1748.	1748	1748	NA	  1
[1739--1747]	1739	1739	1747	  1
[1766--1779?]	1766	1766	1779	  1
[1766--1799?]	1766	1766	1799	  1
[wuonna 1797]	1797	1797	NA	  1
[wuonna 1796]	1796	1796	NA	  1
[wuonna 1790]	1790	1790	NA	  1
[wuonna 1785]	1785	1785	NA	  1
[wuonna 1782]	1782	1782	NA	  1
[wuonna 1737]	1737	1737	NA	  1
wuonna 1722.	1722	1722	NA	  1
trykt Aar 1728.	1728	1728	NA	  1
prändätty, wuonna 1722.	1722	1722	NA	  1
[1724--1742?]	1724	1724	1742	  1
1775	1775	1775	NA	  1
[1737--1742?]	1737	1737	1742	  1
[1756--1763]	1756	1756	1763	  1
[1722?]	1722	1722	NA	  1
den 11 julii, 1792.	1792	1792	NA	  1
anno 1723.	1723	1723	NA	  1
anno 1731.	1731	1731	NA	  1
A. 1722.	1722	1722	NA	  1
[1795 tai aik.]	1795	1795	NA	  1
[1794 tai myöh.]	1794	1794	NA	  1
MDCCXCIV [1794]	1794	1794	NA	  1
år 1748.	1748	1748	NA	  1
anno MDCCXCIX. [1799]	1799	1799	NA	  1
[1728--1733]	1728	1728	1733	  1
[1720--1724]	1720	1720	1724	  1
anno 1724.	1724	1724	NA	  1
anno 1720.	1720	1720	NA	  1
åhr 1752.	1752	1752	NA	  1
[1730--1749]	1730	1730	1749	  1
[1760 tai 1761]	1760	1760	1761	  1
år 1760.	1760	1760	NA	  1
[1785--1802?]	1785	1785	1802	  1
[1761--1779?]	1761	1761	1779	  1
[wuonna 1755]	1755	1755	NA	  1
[wuonna 1732]	1732	1732	NA	  1
[1800 tai 1801]	1800	1800	1801	  1
1731-1732.	1731	1731	1732	  1
[1771--1779?]	1771	1771	1779	  1
åhr 1715.	1715	1715	NA	  1
wuonna 1760.	1760	1760	NA	  1
år 1764.	1764	1764	NA	  1
1793	1793	1793	NA	  1
anno 1762.	1762	1762	NA	  1
[n. 1770]	1770	1770	NA	  1
[1800--1803]	1800	1800	1803	  1
im Jahr 1738.	1738	1738	NA	  1
[1768],;2:o.	1768	1768	NA	  1
[1738--1740]	1738	1738	1740	  1
[1784];4:o.	1784	1784	NA	  1
[1786?]	1786	1786	NA	  1
[1775?]	1775	1775	NA	  1
år 1778.	1778	1778	NA	  1
[1798] Turku.	1798	1798	NA	  1
[1797] Turku.	1797	1797	NA	  1
[1792] Turku.	1792	1792	NA	  1
